"fileid","lineres","emission","incidence","latitude","longitude","spectrum"
44063,93158.256584477,28.012452581139,23.509749625729,-10.971969646367,121.9725980864,"{0.0491132,0.0849257,0.127936,0.143913,0.0980178,0.0596597,0.0473714,0.0447527,0.0542277,0.0769245,0.108853,0.127621,0.111371,0.0606655,0.0322055,0.0231258,0.0162907,0.0174603,0.0224526,0.0327042,0.0439726,0.0452467,0.0607567,0.0775921,0.099822,0.0620736,0.0311353,0.02278,0.0169056,0.0145035,0.0130965,0.0131502,0.0154997,0.0196173,0.0212292,0.0241115,0.0280471,0.0333491,0.0378643,0.0463757,0.0494989,0.0494362,0.0601791,0.0576042,0.0422584,0.0341625,0.0239069,0.0127221,0.011176,0.00902527,0.00789798,0.00865742,0.0108993,0.00957773,0.0088358,0.00955042,0.0126915,0.0136735,0.0129252,0.0152791,0.0187035,0.0192358,0.0162705,0.0157567,0.0164412,0.0184237,0.0235586,0.0380974,0.0482106,0.0500625,0.047395,0.0433142,0.0360903,0.0283441,0.0224609,0.0166044,0.0149187,0.0110795,0.00989346,0.00797514,0.00624479,0.00602084,0.0047476,0.00339066,0.00346818,0.00334791,0.00331269,0.00286902,0.00278988,0.00322589,0.003243,0.00430649,0.0045115,0.00485756,0.00510782,0.00664048,0.00791409,0.00799555,0.00792757,0.00732535,0.00675445,0.0066153,0.00495332,0.00520198,0.00608413,0.00844462,0.0100747,0.0110782,0.012029,0.0144026,0.0165153,0.014804,0.0129103,0.0133338,0.0170731,0.0203283,0.0169005,0.0105804,0.00940793,0.00881807,0.00894833,0.00905563,0.00987787,0.00997691,0.00965262,0.00787877,0.00731358,0.00499651,0.00599612,0.00549743,0.00723469,0.00628966,0.0064137,0.00590523,0.00557661,0.00601714,0.00462661,0.00484722,0.00353121,0.00266599,0.00336381,0.00269904,0.00140452,0.00542141,0.00351677,0.00355085,0.00293156,0.00773282,0.00408605,0.00356909,0.00344852,0.00362865,0.00238459,0.00274693,0.00215255,0.00130439,0.00142037,0.00134302,0.0004754568,0.00200878,0.00197276,0.00230127,0.00183311,0.0023954,0.00319327,0.00386453,0.00239779,0.00291767,0.00260228,0.00152737,0.00304331,0.00309748,0.00244924,0.0002920428,0.00265971,0.00256151,0.00268707,0.0040908,0.00742589,0.00334884,0.00140909,0.00327106,0.00424128,0.00347659,0.00295862,0.00427199,0.0031345,0.00473803,0.00339647,0.00440852,0.00394069,0.00374206,0.0029291,0.00448233,0.00370817,0.00294784,0.00167766,0.0057449,0.00303499,0.00426287,0.00163731,0.00284619,0.00309591,0.00351218,0.00294178,0.00358086,0.00213759,0.00136341,0.00194743,0.00632222,0.00473779,0.00383366,0.00189142,0.00327787,0.00513247,0.0036655,0.00207469,0.00449296,0.00179474,0.00703988,0.00483773,0.00730141,0.00639388,0.00516614,0.00366288,0.00294644,0.00439613,0.00829777,0.0083769,0.00964515,0.00870968,0.00845591,0.00752761,0.0101397,0.00944141,0.0087702,0.00612404,0.0115676,0.0105179,0.0092443,0.0151793,0.0131765,0.0197389,0.0212661,0.0197943,0.0233332,0.0209421,0.019349,0.0240524,0.0221784,0.0261704,0.0161105,0.0196393,0.0228694,0.0131918,0.0121856}"
43962,88700.858046372,28.653776570684,23.049724465564,-10.997011999998,121.73146696519,"{0.0474159,0.0830008,0.124466,0.142324,0.0966476,0.0589083,0.0463178,0.0439266,0.0532362,0.0754353,0.106375,0.125657,0.109632,0.0600311,0.0321965,0.0228761,0.0162278,0.0172762,0.0218638,0.0322803,0.0432293,0.0441518,0.0593829,0.0764802,0.0989257,0.0624109,0.0309007,0.0228751,0.0171468,0.0147227,0.0130681,0.0127021,0.0156499,0.0188782,0.0214488,0.0232486,0.0275828,0.0328825,0.0380536,0.0464678,0.0496372,0.0484341,0.060308,0.0573499,0.0425305,0.0311241,0.0228394,0.0131001,0.0117516,0.0098113,0.00691237,0.00886693,0.0097935,0.00934655,0.0086122,0.0106388,0.0114284,0.0133808,0.0124903,0.0151914,0.0186242,0.0197547,0.0160169,0.0153489,0.0167851,0.0189004,0.0240795,0.0385766,0.0464826,0.0495149,0.0479168,0.0428553,0.0351038,0.0279043,0.0219151,0.0190537,0.0139046,0.00913301,0.00819835,0.00781066,0.00604553,0.00570015,0.0044433,0.00135789,0.00305774,0.00331701,0.0031655,0.00344912,0.00259893,0.00337407,0.00167588,0.00348079,0.00403606,0.00415716,0.00507998,0.00587879,0.00742314,0.00817525,0.0075264,0.00730488,0.00639478,0.00613365,0.00619654,0.00480034,0.00766493,0.00792474,0.00996496,0.011256,0.0117191,0.0140402,0.0159361,0.0147427,0.0121303,0.0138858,0.0171397,0.0208033,0.0165454,0.0106718,0.00918309,0.00835182,0.00947617,0.00881781,0.00846767,0.00928021,0.00845068,0.00803153,0.00659439,0.0057719,0.00594686,0.00705853,0.00740894,0.00645726,0.00718612,0.00449974,0.00479191,0.00558767,0.0038823,0.00625467,0.00428878,0.0037073,0.00202738,0.0016162,0.00211311,0.00422614,0.00270791,0.00292633,0.0026935,0.00816495,0.00367468,0.00312831,0.003892,0.00394429,0.00256334,0.00226708,0.0021291,0.00122891,0.00220755,0.0007567399,0.00106411,0.00160436,-0.0001755698,0.00220368,0.00112097,0.00303268,0.00211676,0.00169764,0.00222629,0.00129649,0.0033388,0.0022218,0.00481292,0.00215887,0.0006860114,0.0039511,0.0020224,0.00327598,0.00321092,0.00250899,0.00470603,0.0007427427,0.0008685048,0.00243082,0.00549991,0.00397671,0.0003249487,0.00448035,0.00386766,0.00486515,0.00204748,0.00509138,0.00309296,0.00412494,0.00489013,0.00500475,0.0023377,0.00334064,0.00306492,0.0005566106,0.00238361,0.00184743,0.0008349027,0.00394283,0.00373813,0.00127597,0.0001197564,-0.000215553,-0.0004185505,0.0057142,-9.031622e-05,0.00487013,0.0005277981,0.00241242,0.0122953,0.00480069,0.0001561607,0.00221218,-0.00174535,0.00357749,0.0008527411,0.00683288,0.00626265,0.00623654,-0.0002102493,0.00613283,-0.00144886,0.00872184,0.0004761344,0.00704339,0.006102,0.0115845,0.00554184,0.00880867,0.00445821,0.0091714,-0.0200229,0.0108005,0.00714402,0.00921858,0.00564858,0.00980163,0.011406,0.017694,0.0161471,0.0226297,0.020541,0.0237767,0.0270323,0.0276533,0.0134573,0.0215458,0.0193897,0.0238549,0.0206739,0.00988399,0.00169346,0.0185351}"
44116,94822.411184675,26.36290118641,22.759412516997,-8.4310514191064,121.10650336385,"{0.0505037,0.0868975,0.129618,0.145843,0.098907,0.0606051,0.0480276,0.0450623,0.0551525,0.0784506,0.110283,0.129434,0.112502,0.061151,0.0328821,0.0236804,0.0166778,0.017827,0.0227632,0.0333363,0.0447788,0.0457784,0.0615587,0.078961,0.102252,0.0631144,0.0315248,0.0229909,0.0173736,0.014713,0.0135226,0.0129733,0.015979,0.0195759,0.0215186,0.0245926,0.0282849,0.0329011,0.0382149,0.0473981,0.0502867,0.0500186,0.0618831,0.0585746,0.0431606,0.0345214,0.0218772,0.0128068,0.0120959,0.00955046,0.00848418,0.00894908,0.0107813,0.00999215,0.0093768,0.00962859,0.013007,0.0139921,0.013393,0.0159983,0.0197858,0.0199585,0.0168474,0.0155606,0.0164397,0.0184283,0.0235136,0.03914,0.048877,0.0503071,0.0499567,0.0437271,0.0363795,0.028583,0.0232198,0.0191132,0.0155627,0.0103582,0.00777108,0.00788153,0.00635095,0.00615872,0.00439614,0.00394055,0.003699,0.00304822,0.00343178,0.00306217,0.00345727,0.00303334,0.00332866,0.00472282,0.00470339,0.00417009,0.00493665,0.00630446,0.00722052,0.00804273,0.00763393,0.00733195,0.00734611,0.00630841,0.00478251,0.00498367,0.00637137,0.00727756,0.00973842,0.0108836,0.0135095,0.0154474,0.0166236,0.0149222,0.0131594,0.013508,0.0167704,0.0203187,0.0174751,0.00999842,0.0100257,0.00936631,0.00952514,0.00919124,0.00960512,0.00982795,0.00923691,0.00757502,0.0068228,0.00621571,0.00683339,0.00611243,0.00666465,0.00711033,0.00599948,0.00585881,0.00555995,0.00604528,0.00532566,0.00433538,0.00375993,0.00314944,0.00283993,0.0027855,0.00108287,0.00278794,0.00418315,0.00418649,0.00368746,0.00773818,0.00413822,0.00365824,0.00349417,0.0037455,0.00338907,0.0024465,0.00219156,0.0006335915,0.00105103,0.00141045,0.0017785,0.00297559,0.00208677,0.0017134,0.00181046,0.00227425,0.00249294,0.00230976,0.00259629,0.00299334,0.00251392,0.00359741,0.00330593,0.0027168,0.00273618,0.00378217,0.00290869,0.00166465,0.00187728,0.0029924,0.00196969,0.00209191,0.00393929,0.00391663,0.00105521,0.00354376,0.00330141,0.00351143,0.00217712,0.00284016,0.00410897,0.00219499,0.00405214,0.00394571,0.00325247,0.003657,0.00408203,0.00341275,0.00370058,0.00548531,0.00387706,0.00330246,-2.464444e-05,0.0034826,0.00240809,0.00278022,0.0009008076,0.00286358,0.00202301,0.00286535,0.00203926,0.00193416,0.00326506,0.00180433,0.00838432,0.00163358,0.00224548,0.00416519,0.00466869,0.00300647,0.0008522677,-0.0001488956,0.00439832,0.00334845,0.00358251,0.00702499,0.00462942,0.00528626,0.00435122,0.00137656,0.00709359,0.00845974,0.00817006,0.00586264,0.00948029,0.0104979,0.0135317,0.00713497,0.00670416,0.00912111,0.00776625,0.00953646,0.0161186,0.0206706,0.0225061,0.0209021,0.0205777,0.0220135,0.0174449,0.023776,0.0224647,0.0238226,0.0249843,0.0175962,0.0152567,0.0305589,0.0162831,0.018438}"
44056,87222.288594059,30.328853498715,22.131189867338,-11.403896684814,120.89912868716,"{0.051378,0.0886522,0.133219,0.148633,0.100297,0.0624686,0.0500398,0.0467076,0.0581536,0.0828352,0.115965,0.137213,0.116721,0.0640225,0.0337079,0.0250571,0.017428,0.0187549,0.0241269,0.0357554,0.0475224,0.0491996,0.0728086,0.084592,0.107741,0.065752,0.0330788,0.0242415,0.0180122,0.0155276,0.0141122,0.0135529,0.0166841,0.0207324,0.023094,0.0256972,0.0297418,0.035192,0.0405781,0.0499077,0.0526811,0.052679,0.0632534,0.0612877,0.0459297,0.0383311,0.0239408,0.0132019,0.0135721,0.00996926,0.00853553,0.00968845,0.0116847,0.0104705,0.0092717,0.00993921,0.013537,0.0147365,0.0133903,0.0160881,0.0206261,0.0209171,0.0173678,0.0162816,0.0174894,0.0194252,0.0251114,0.0412708,0.05199,0.0528798,0.051196,0.0457323,0.0377535,0.0300347,0.0238166,0.0196847,0.0159164,0.0115868,0.0081438,0.00783528,0.00688447,0.00659514,0.00526192,0.00401939,0.00394874,0.00320705,0.00342237,0.00351928,0.00311135,0.00337957,0.00340642,0.00412235,0.0050658,0.00461016,0.00489866,0.00632715,0.00789371,0.00808246,0.00813219,0.00743247,0.00717115,0.00611829,0.00574445,0.00529113,0.00616504,0.00820789,0.00995548,0.0114201,0.0130958,0.0147912,0.0166651,0.0152908,0.0128282,0.0141787,0.0176803,0.0209538,0.0175645,0.0107059,0.0097167,0.00939732,0.00946452,0.00917579,0.00997083,0.0110006,0.00975036,0.00800135,0.00666561,0.00508301,0.00624463,0.00686088,0.00728262,0.00755384,0.00613933,0.00611771,0.00589442,0.00552606,0.00544419,0.00450461,0.00393615,0.00340614,0.0027452,0.00278911,0.00207279,0.00344029,0.00395168,0.003405,0.00375928,0.00832832,0.00400516,0.00397964,0.00378347,0.00358931,0.00352348,0.00239603,0.00218895,0.00187718,0.00151667,0.00151173,0.00243423,0.00220678,0.0021964,0.00234674,0.00255918,0.00198748,0.00294834,0.0031063,0.00290582,0.00318871,0.00342154,0.00321213,0.00249972,0.00267598,0.00271952,0.00295962,0.00231748,0.00180037,0.00337041,0.00363491,0.0005783927,0.00211797,0.0007482179,0.00402925,0.00284293,0.00340285,0.00309837,0.00307849,0.00366465,0.00414131,0.0034253,0.00413922,0.00466045,0.00341794,0.00422694,0.00411172,0.00346036,0.00355566,0.00337609,0.00371268,0.00276618,0.00324642,0.00241055,0.00270051,0.00211949,0.00312705,0.00318308,0.00291015,0.00333052,0.00267021,0.00182753,0.0004676441,0.00405446,0.00314463,0.00192448,0.00299693,0.00493511,0.00280141,0.0046062,0.00477442,0.00488523,0.00398089,0.0049611,0.00405007,0.0022128,0.00511298,0.00506697,0.00498078,0.00691662,0.00783208,0.00811623,0.00518265,0.00706115,0.0083971,0.00792325,0.00936257,0.0146339,0.00896514,0.00838886,0.00684619,0.00915771,0.0114093,0.0133682,0.0182706,0.0222315,0.0233985,0.023476,0.0317556,0.0233103,0.0211976,0.0233976,0.022802,0.0196754,0.0229718,0.0159357,0.010163,0.011488,0.0200072}"
44060,96428.373308295,30.825231434793,21.964110961811,-11.726051108465,120.31208310215,"{0.0512665,0.0887973,0.133373,0.150102,0.10095,0.0621556,0.0495666,0.0464753,0.0569567,0.0809973,0.115148,0.133998,0.115672,0.0631948,0.0333952,0.0242918,0.0170382,0.0181747,0.0233652,0.03492,0.0462621,0.047642,0.0635941,0.0820621,0.105605,0.0652684,0.0324914,0.0240309,0.0177326,0.0149015,0.0138159,0.0133804,0.0162986,0.0204699,0.0224153,0.0252313,0.0292619,0.0347689,0.039909,0.0491904,0.0524695,0.051898,0.0642916,0.0606856,0.0445491,0.0360976,0.0238511,0.0128358,0.0127859,0.00973139,0.00822026,0.00904915,0.0114347,0.00996131,0.00880844,0.00995291,0.0133889,0.0143836,0.0132563,0.0159862,0.0199227,0.0202959,0.0172277,0.0163494,0.01719,0.0190023,0.0246054,0.0399412,0.0512192,0.0522863,0.0504469,0.0447785,0.0374626,0.0294588,0.0233054,0.0194034,0.0158617,0.0108907,0.00859675,0.00819382,0.00684992,0.00623559,0.00514049,0.00400497,0.00375184,0.00310997,0.00325423,0.00355025,0.00329015,0.00356364,0.00363154,0.00449813,0.00475943,0.00454722,0.00516817,0.0064332,0.0077822,0.00828835,0.00791067,0.0073619,0.00712097,0.00618073,0.00519559,0.00532219,0.0062482,0.00805315,0.0100335,0.0114504,0.0129592,0.014759,0.0167707,0.0151072,0.013295,0.0141566,0.0177302,0.0209995,0.0174025,0.0107788,0.00993619,0.00927032,0.00932181,0.00903815,0.00988683,0.0107709,0.00998345,0.00797528,0.00669642,0.00561572,0.00680372,0.00686499,0.00760876,0.00750799,0.00652244,0.00589538,0.00587926,0.00583996,0.00526399,0.00411791,0.00370105,0.00299258,0.00249897,0.00265798,0.00204922,0.00285014,0.00366598,0.00358714,0.003665,0.00734627,0.00428791,0.00372342,0.003765,0.00370309,0.00315231,0.00266471,0.00162401,0.00159727,0.00181724,0.0009980133,0.00171658,0.0009455848,0.00189097,0.00225904,0.00214759,0.00197577,0.00289364,0.00220826,0.00289529,0.00278295,0.00294587,0.00202733,0.00306432,0.00310147,0.00268594,0.00230014,0.00208993,0.00220826,0.00280698,0.00222295,0.00191958,0.00266521,0.00214709,0.00202021,0.00451088,0.00329734,0.00308602,0.00358513,0.00295657,0.0033133,0.00299989,0.00295258,0.00452602,0.0032668,0.00381521,0.00198549,0.00384652,0.0029554,0.00267527,0.00588255,0.00326356,0.00318894,0.00256405,0.00237155,0.00213713,0.00329018,0.00323039,0.00280373,0.00223803,0.00266484,0.00297031,0.000487394,0.00370303,0.0033106,0.00386677,0.00247148,0.0003094264,0.002889,0.0030924,0.00389044,0.00284122,0.00333633,0.00277521,0.00445514,0.00458317,0.00429479,0.0068482,0.00543799,0.00777594,0.00595688,0.00633813,0.00669178,0.00819002,0.00632202,0.008661,0.0085093,0.0151059,0.00737126,0.00924979,0.00595899,0.0080102,0.0096756,0.0147601,0.0163522,0.0221436,0.0223328,0.0219287,0.0199108,0.0220782,0.0199671,0.0194833,0.0190841,0.019686,0.0185364,0.0185178,0.00865357,0.0145903,0.0179694}"
43975,93689.254977149,30.663102238191,21.74943834493,-11.254496645357,120.62043844408,"{0.0507777,0.0881457,0.132698,0.147814,0.0995511,0.0622508,0.0498386,0.0470099,0.0582924,0.0838496,0.117554,0.138891,0.117903,0.064776,0.0342833,0.0257176,0.0177554,0.0194377,0.0249267,0.0369743,0.0489887,0.0507463,0.0684574,0.087968,0.111767,0.0672604,0.0333314,0.0249087,0.0184175,0.0159581,0.0145113,0.0139155,0.0172569,0.0215032,0.0233412,0.0264454,0.0306662,0.0359725,0.0417075,0.0516626,0.0545351,0.0540482,0.0671583,0.0635378,0.047615,0.039898,0.0232514,0.0130845,0.0135424,0.0101774,0.00990491,0.00945462,0.0119393,0.0108225,0.00961209,0.0106581,0.0137508,0.0152331,0.0138467,0.0167164,0.0209082,0.0214162,0.0177294,0.0170144,0.0177288,0.0200186,0.0255171,0.0426604,0.0536334,0.0553167,0.0535512,0.0474402,0.0393293,0.0310559,0.0241426,0.020329,0.0163053,0.0116365,0.00862585,0.00819344,0.00685037,0.00649908,0.00489189,0.0041335,0.00374224,0.00351969,0.00323778,0.0035561,0.00332551,0.00364289,0.00332301,0.00347355,0.00457432,0.00472881,0.00506385,0.006589,0.00789596,0.00838336,0.00820921,0.00781401,0.00741126,0.00663209,0.00529043,0.00526392,0.00617717,0.00818277,0.00989751,0.0115883,0.0128227,0.0152126,0.0169317,0.0154063,0.0133432,0.0142673,0.0175601,0.0215832,0.0177107,0.0110198,0.00941429,0.0095704,0.00919718,0.0094846,0.00988935,0.0103051,0.00928719,0.00819429,0.00621367,0.00532074,0.00603906,0.0070288,0.00711217,0.00700301,0.0062508,0.00649328,0.00604565,0.0061049,0.00507001,0.00463246,0.0039338,0.00336328,0.00274093,0.00300467,0.00294341,0.00373447,0.00367773,0.00376267,0.00347393,0.00836624,0.00411004,0.00385521,0.00297573,0.00386322,0.00329658,0.00277573,0.0167759,0.00262185,0.00166316,0.00218027,0.00151385,0.00251821,0.00150204,0.00250798,0.00221145,0.00271336,0.00203227,0.00311271,0.00257779,0.00374684,0.00303783,0.00319879,0.00298541,0.00318451,0.00236066,0.0024039,0.00241553,0.00275902,0.00283439,0.00378235,-0.000168945,0.00364891,0.00395596,0.00245712,0.00210878,0.00389898,0.00374295,0.00434691,0.00312688,0.00443153,0.00305955,0.00368638,0.00316823,0.0042864,0.00327198,0.00382185,0.00347281,0.00371716,0.00220053,0.00509706,0.00316372,0.00344757,0.00243533,0.00312123,0.0031662,-0.00115764,0.00130705,0.00308936,0.00160212,0.00368869,0.00175281,0.00340057,0.00214833,0.000286908,0.00426995,0.00405456,0.00188629,0.00484981,0.00369018,0.00486559,0.0030705,0.00538367,0.00600131,0.00490541,0.00446768,0.00477165,0.00298966,0.00654408,0.00557573,0.0078256,0.0050794,0.0114871,0.00500625,0.00695133,0.00769261,0.0086723,0.017609,0.00950565,0.00758285,0.0115487,0.0106688,0.0110217,0.0140989,0.0190771,0.021261,0.0222683,0.021238,0.0214143,0.0205349,0.0226472,0.0191919,0.0201061,0.0213638,0.0205537,0.0140205,0.0224333,0.0122159,0.0191647}"
44057,75937.660915006,31.798497692333,21.730270724792,-11.630098725282,121.77440209018,"{0.0516589,0.0891619,0.133432,0.149382,0.101249,0.0628539,0.0499894,0.0466217,0.0575084,0.0815099,0.113743,0.133356,0.114969,0.0638091,0.0335749,0.0245337,0.0171926,0.018348,0.0236206,0.0348982,0.0466795,0.0481266,0.0643914,0.0816288,0.104264,0.0651632,0.0333275,0.0240206,0.0178026,0.0150447,0.0139798,0.0134548,0.0163039,0.0203983,0.0225718,0.0254516,0.0293041,0.0349824,0.0401999,0.0491255,0.0515501,0.0512149,0.0635226,0.0601038,0.0451172,0.0366882,0.023824,0.0128218,0.012748,0.0100437,0.00858635,0.00866196,0.0114207,0.0101538,0.00921475,0.010155,0.0131212,0.0145279,0.0137024,0.0158201,0.0204485,0.020663,0.0171048,0.0161924,0.0172488,0.0193198,0.0244236,0.039516,0.0494903,0.0508588,0.0495133,0.0438167,0.0364262,0.0290638,0.0232013,0.0190601,0.0155278,0.0111064,0.00876494,0.00787667,0.00652264,0.0063875,0.00524498,0.00398808,0.00377954,0.00283032,0.00346439,0.00351644,0.00316201,0.00345869,0.00349008,0.00573639,0.00471987,0.00413183,0.00515307,0.00624564,0.00766344,0.00839746,0.00808666,0.00715752,0.00739511,0.0062303,0.0049848,0.00500417,0.0066186,0.00812248,0.0101329,0.0113461,0.0128072,0.0149323,0.0169805,0.0150289,0.0130477,0.0137074,0.0171274,0.0205853,0.017217,0.0106722,0.00976381,0.00913799,0.00922422,0.00941706,0.0099403,0.0103799,0.00979474,0.0077277,0.00624468,0.00597698,0.00659521,0.00670804,0.00749757,0.00670166,0.00641407,0.00607114,0.00546527,0.00571234,0.00512622,0.00434296,0.00386863,0.00335863,0.00318072,0.00279537,0.00391295,0.00318217,0.00396453,0.00415923,0.0172698,0.00764338,0.00454861,0.00357965,0.0042282,0.00362254,0.00347602,0.00225948,0.00229025,0.00160011,0.00153689,0.00109973,0.00171647,0.00201514,0.00216939,0.00257553,0.0028344,0.00247273,0.00211818,0.00239627,0.00323729,0.00283784,0.00331293,0.00317225,0.00341456,0.00242704,0.00273246,0.00448916,0.00264449,0.00235825,0.00303765,0.00322985,0.00105071,0.00332141,0.00566849,0.00210864,0.00234479,0.00316625,0.00357418,0.00374577,0.00287182,0.00351215,0.00354156,0.00502646,0.00412719,0.00483508,0.00429618,0.00393932,0.00394681,0.00400532,0.00339038,0.00387252,0.00324173,0.00304462,0.00240788,0.00354612,0.00356094,0.00241477,0.00248779,0.00307629,0.00300928,0.00216904,0.00409036,0.00580728,0.00295642,0.00253092,0.00192389,0.00177945,0.00928219,0.00286743,0.00341173,0.002322,0.00343192,0.00312758,0.0029661,0.00434555,0.00488424,0.00416355,0.00489729,0.00520141,0.00383443,0.00596992,0.00477713,0.00732033,0.00954769,0.00785296,0.00825965,0.00910377,0.0168017,0.00757552,0.00913787,0.0051667,0.00641426,0.00958132,0.0130926,0.0181099,0.0205166,0.0221273,0.0231381,0.0226536,0.0234571,0.0220547,0.0229222,0.0185949,0.0194235,0.0181138,0.0168045,0.00850742,0.0148686,0.0173483}"
44049,70847.271615788,32.163399630284,21.628361845467,-11.756365031099,121.69965656177,"{0.0518716,0.0888491,0.133502,0.149685,0.101503,0.0629347,0.0500984,0.0466121,0.0579312,0.0818664,0.114044,0.134093,0.11555,0.0636029,0.0337473,0.0246115,0.0172105,0.0243204,0.0239645,0.0349578,0.046988,0.0481363,0.0637643,0.0819358,0.104867,0.0654005,0.0333562,0.0240117,0.017953,0.0152541,0.0138909,0.0135959,0.0165492,0.0206633,0.0228713,0.0256295,0.0295112,0.0349104,0.0400386,0.0491433,0.0518751,0.0516925,0.0637206,0.0605584,0.0451619,0.036596,0.0242389,0.0128444,0.0129571,0.00948907,0.00975573,0.00875022,0.011529,0.0105289,0.00937731,0.00996743,0.0131889,0.0146648,0.013429,0.0161272,0.0203562,0.0205638,0.017537,0.0167607,0.0170745,0.0194127,0.0245165,0.0397516,0.0499509,0.0512101,0.0494547,0.0438013,0.0361383,0.0292551,0.0232238,0.0198143,0.0156667,0.0112458,0.00829685,0.00818733,0.00688638,0.00651962,0.00532259,0.00417305,0.00356648,0.00310232,0.0031837,0.00357855,0.00334984,0.00338345,0.00331309,0.00332558,0.00477581,0.00455044,0.00542361,0.00642079,0.00770671,0.00800517,0.00869856,0.00737415,0.0074492,0.00611607,0.00656866,0.00737131,0.00847462,0.00806806,0.0100706,0.0113747,0.0131552,0.014629,0.016882,0.0149751,0.0131665,0.0141075,0.0172591,0.0207031,0.0169963,0.0110933,0.0100975,0.00909024,0.00955201,0.00973713,0.00968078,0.0108758,0.00961316,0.0080367,0.00673171,0.00566629,0.00718994,0.00685726,0.00736729,0.00684914,0.00619503,0.00578367,0.00431465,0.00537753,0.0051583,0.00404561,0.00404242,0.00306564,0.00313121,0.00271028,0.0027883,0.00332717,0.00370199,0.00385639,0.00397553,0.00790888,0.0044733,0.00395881,0.00419407,0.0041274,0.00340623,0.00254059,0.00131059,0.00212832,0.00164472,0.00166535,0.0026012,0.00181607,0.00210537,0.00166738,0.00192701,0.00225515,0.00194002,0.00212292,0.00311885,0.00308886,0.00324279,0.00342126,0.00335829,0.00291567,0.00302751,0.00203641,0.00247673,0.0024479,0.00319942,0.00297277,0.0018369,0.00253267,-0.00117557,0.00285376,0.00328233,0.00376231,0.00334867,0.00325902,0.00468782,0.00406861,0.00395014,0.00415066,0.00439023,0.00404929,0.00399154,0.00400393,0.00407434,0.00351885,0.00326762,0.00666952,0.00317257,0.00374484,0.00368672,0.00196627,0.00315814,0.00308915,0.00285442,0.00296473,0.00238101,0.00285318,0.00290373,0.00953634,0.00303218,0.00243804,0.00498167,0.00288595,0.00410266,0.00394745,0.00376073,0.00251816,0.00346606,0.00437808,0.00943173,0.00518719,0.00340254,0.00434839,0.00543403,0.0046743,0.0068167,0.00639984,0.00816604,0.00905794,0.00571628,0.0055765,0.00888142,0.00916157,0.0087781,0.00780596,0.00705064,0.00742893,0.00740248,0.0094712,0.0138999,0.0246263,0.0193436,0.0223701,0.0176978,0.0194589,0.0195457,0.0177798,0.0238599,0.0218107,0.017364,0.0184994,0.0184482,0.00885823,0.0163523,0.0124377}"
44063,93314.714312471,30.070101372855,21.600212015904,-10.820238992298,119.73142782794,"{0.0500985,0.0862834,0.130358,0.147543,0.0995844,0.0607836,0.0481101,0.0451038,0.0548825,0.0785684,0.111364,0.131146,0.114543,0.061729,0.0329494,0.023564,0.0166639,0.0174831,0.0230342,0.0332507,0.0448767,0.0460376,0.0621119,0.0799817,0.103789,0.0641442,0.0317342,0.0231486,0.0173958,0.0144558,0.0135803,0.0132661,0.0158466,0.0195775,0.0216316,0.0241135,0.0280768,0.03365,0.0386948,0.0478021,0.0510041,0.0509966,0.0630268,0.0593082,0.0432908,0.0336963,0.0241204,0.0128352,0.0109019,0.00910457,0.00796697,0.00836997,0.0109936,0.00966019,0.00891151,0.009632,0.0131857,0.0141788,0.0134388,0.015405,0.0192857,0.0197892,0.0164002,0.0158807,0.0169813,0.0185648,0.0237365,0.0400925,0.0513655,0.0519786,0.0501183,0.0444501,0.0367693,0.0289614,0.0230225,0.0167098,0.0154134,0.0103049,0.00818013,0.00714259,0.00671625,0.00605377,0.00477286,0.00420856,0.00389167,0.00336417,0.00332827,0.00288199,0.00324022,0.00323934,0.00283963,0.00390996,0.00452813,0.00444941,0.00512509,0.00621342,0.00793852,0.00756141,0.00794998,0.0073453,0.00723514,0.0061706,0.00451316,0.004769,0.00653133,0.00803219,0.00967064,0.011099,0.0124854,0.0148715,0.0169949,0.0152819,0.0133843,0.0133508,0.0175339,0.0207806,0.0169173,0.0105899,0.00984193,0.00925914,0.00895414,0.00951276,0.00988298,0.00998145,0.00917969,0.00788163,0.00661531,0.00592616,0.00599754,0.00653432,0.00670465,0.0062903,0.00641411,0.00590537,0.00557653,0.00541845,0.00522461,0.00484643,0.00295353,0.00266533,0.00220784,0.00210974,0.0008008676,0.00480318,0.0041417,0.00418243,0.00356871,0.0083616,0.0040832,0.00356644,0.00344581,0.00362565,0.00300314,0.00148713,0.00278637,0.00130311,0.00141893,0.00134161,0.00181195,0.00269221,0.00267785,0.00229859,0.00257286,0.00239248,0.00242696,0.00230685,0.00239468,0.00291379,0.00259881,0.00152532,0.00303917,0.00309319,0.00244578,0.0002916226,0.00355549,0.00255769,0.00268299,0.00408466,0.0083593,0.0017345,0.001407,0.00326619,0.00312338,0.00347147,0.00521976,0.00311813,0.00313002,0.00473134,0.00339174,0.00319214,0.00393535,0.00373705,0.00292524,0.00321179,0.00498413,0.00294409,0.00167555,0.00573769,0.00303121,0.00289125,0.00163529,0.00284269,0.00452491,0.00204788,0.00144896,0.00204869,0.00213506,0.0013618,0.0003039659,0.00461574,0.00128467,0.00206174,0.00372636,0.00327381,0.00701882,0.00172631,0.004059,0.00248963,0.00179233,0.00492994,0.00483107,0.00729125,0.00186409,0.007485,0.00365793,0.00538467,0.00439033,0.00828698,0.00836623,0.00706452,0.00869902,0.00584019,0.0101321,0.0074974,0.00675961,0.00611295,0.0087663,0.00883931,0.013276,0.00923545,0.0180075,0.0102496,0.0226977,0.021251,0.0228834,0.0201278,0.0209317,0.0261709,0.0275682,0.0185285,0.018529,0.0161083,0.0196379,0.0182889,0.0181592,0.0121872}"
44094,92546.810301833,28.832237550427,21.579557950715,-9.6128133436542,120.03111098429,"{0.0507468,0.086716,0.129823,0.131805,0.0992813,0.0610435,0.04819,0.0452974,0.0553703,0.0784819,0.104143,0.104912,0.0974203,0.0617382,0.0330211,0.0240398,0.0169572,0.0178711,0.0231236,0.0335642,0.044949,0.0460503,-6.165787e-17,0.0796036,0.102947,0.064107,0.0320233,0.0231719,0.0175017,0.0148432,0.0136974,0.0132752,0.0159432,0.0199565,0.0221523,0.02467,0.0285356,0.0340086,0.0389085,0.0482125,0.051197,0.0508207,0.0631997,0.0598929,0.0436345,0.0346062,0.0234288,0.0130299,0.0119223,0.00952632,0.00873233,0.00881993,0.0112183,0.0100512,0.0089664,0.00980397,0.0127528,0.0141451,0.0128679,0.0156701,0.0195852,0.0196977,0.0167054,0.0160464,0.0169562,0.0188291,0.0244847,0.039956,0.0500064,0.0520324,0.0507663,0.0444326,0.0370943,0.029222,0.0230063,0.0170159,0.0153998,0.0109408,0.00815966,0.00813013,0.00635882,0.00627154,0.00507207,0.00401773,0.00363942,0.00294745,0.00324281,0.00318133,0.00319015,0.00309797,0.00332508,0.00349993,0.00475883,0.00462787,0.00511283,0.00628134,0.00766732,0.00786514,0.007916,0.00743942,0.00726743,0.00624586,0.00523617,0.00517115,0.00646231,0.00811043,0.00972674,0.0110442,0.012938,0.0149902,0.0168974,0.0151457,0.0133792,0.0142375,0.0173162,0.0208367,0.0173372,0.0106344,0.00953729,0.00937953,0.00908987,0.00929789,0.00968352,0.0103537,0.00955788,0.00767943,0.00618324,0.00587045,0.00676177,0.00679905,0.00713953,0.00626198,0.00645349,0.00620717,0.00571713,0.00538083,0.00510564,0.00441657,0.00350945,0.00313349,0.00285642,0.00279359,0.00467169,0.00299013,0.00376362,0.00360136,0.00370322,0.00755288,0.0043405,0.00389392,0.00365629,0.0038784,0.00316837,0.00245031,0.00177241,0.00162516,0.00106887,0.00160243,0.00209339,0.00207138,0.00196005,0.00221262,0.0023594,0.00210802,0.00202631,0.00260882,0.0024329,0.00260512,0.00289118,0.00286606,0.0026796,0.00284359,0.00250543,0.00274668,0.00248419,0.0030533,0.00234023,0.00269395,0.00155889,0.00343418,0.00628196,0.00232283,0.00303569,0.00280651,0.0033385,0.00327848,0.00376172,0.004012,0.00369947,0.00403231,0.00358962,0.00317337,0.00387023,0.00297944,0.00333913,0.00333319,0.00285141,-0.00171924,0.00301497,0.00275733,0.00286495,0.00262651,0.00260611,0.00217814,0.00273396,0.00291589,0.00329757,0.00269725,0.0030123,0.00286567,0.00310163,0.00358749,0.00644044,0.00323899,0.00537779,0.00317539,0.00307572,0.00368065,0.00356179,0.00398406,0.00746565,0.00439516,0.0040046,0.00442834,0.00347822,0.00594649,0.00715455,0.00689152,0.00820875,0.00742618,0.00797736,0.00776201,0.00642285,0.00916705,-1.191326e-15,0.00853639,0.00802876,0.00989761,0.0101081,0.0100166,0.0144677,0.0277906,0.0214747,0.0229137,0.0177081,0.0223021,0.023544,0.024164,0.0227959,0.0200158,0.0209001,0.0215014,0.0195322,0.0229172,0.0184222,0.015982}"
44056,91803.665609896,28.898010746558,21.381636272273,-8.9549882802037,121.62336392786,"{0.0521669,0.0895289,0.133459,0.148764,0.101003,0.063237,0.0507227,0.0478614,0.0585878,0.0833989,0.116119,0.136507,0.116709,0.0643582,0.0341035,0.025416,0.0176852,0.019193,0.0245015,0.0361457,0.0478024,0.0493641,0.0655374,0.0849104,0.107794,0.0660194,0.0329865,0.0246236,0.0184364,0.0158632,0.0143699,0.0138149,0.0171717,0.0209633,0.0231537,0.0260583,0.0298443,0.0353398,0.0408655,0.0501461,0.0529418,0.0526744,0.0636133,0.0618479,0.0464075,0.0389352,0.0257449,0.0152926,0.0133253,0.0100369,0.00891993,0.00846143,0.0119241,0.0105445,0.00950563,0.0099864,0.0132773,0.0148362,0.0138504,0.0162022,0.0203846,0.0208788,0.0176516,0.0165625,0.0176083,0.0197493,0.0252837,0.0409608,0.0508658,0.0528573,0.0513214,0.0456248,0.0379398,0.0302084,0.0241343,0.019598,0.015819,0.0112967,0.0085969,0.00827077,0.00711463,0.00642411,0.00528483,0.00440438,0.00416102,0.00321059,0.003442,0.00332255,0.00332789,0.0035893,0.00341582,0.00490788,0.00469825,0.00442192,0.00510966,0.00654968,0.00790682,0.00831873,0.00835629,0.00744396,0.00762497,0.00612855,0.00553092,0.00551419,0.00638008,0.00821584,0.0101771,0.0114272,0.0131026,0.0150214,0.0177898,0.0157526,0.0135687,0.0143963,0.0176805,0.0209493,0.0177618,0.0109033,0.00992266,0.00959978,0.00967886,0.00961691,0.0101946,0.0107512,0.00997131,0.0079894,0.00666463,0.00553509,0.00689508,0.0071008,0.00780077,0.00753692,0.00667468,0.00609362,0.00618223,0.00580338,0.00574455,0.00479044,0.00450856,0.00310908,0.00303588,0.00278651,0.0022422,0.00281912,0.00394153,0.00403705,0.00343502,0.00799142,0.00430699,0.00365158,0.00377467,0.00357383,0.00352053,0.0027031,0.00185853,0.00123831,0.00151736,0.00150004,0.0020868,0.00289703,0.00183642,0.00234413,0.00255508,0.00236958,0.00217097,0.00269496,0.00330402,0.00316617,0.0034057,0.00319712,0.00338795,0.00311477,0.00361338,0.00111645,0.0027898,0.00319307,0.00289717,0.00314035,0.00681975,0.00213047,0.00775835,0.00219284,0.00341977,0.00338957,0.00364034,0.00364173,0.00423774,0.00414854,0.00401674,0.00349812,0.00341768,0.00401694,0.00357927,0.00342935,0.00279166,0.00288828,0.00269227,-0.00373965,0.00344575,0.00251932,0.00241958,0.00270761,0.00285701,0.00237251,0.0024251,0.00291466,0.00250118,0.00264492,0.00349524,0.00297346,0.00491334,0.00402769,-0.0007492222,0.00297634,0.00295634,0.00473984,0.00356759,0.00375268,0.00384756,0.00289867,0.00600296,0.00401668,0.00454689,0.00510032,0.00747652,0.00505855,0.00683765,0.00655163,0.00684704,0.00774521,0.00832173,0.00837076,0.00923483,0.0106257,0.009445,0.00622769,0.00830856,0.00678144,0.00639704,0.00994728,0.0146963,0.0182208,0.0221948,0.0202508,0.0234011,0.0222129,0.0234134,0.0244497,0.021593,0.0210702,0.0159125,0.0169656,0.0199727,0.0306497,0.0138548,0.0146527}"
43962,88839.243020416,30.648648814537,21.223406425631,-10.854220650271,119.56556023516,"{0.0487279,0.0837718,0.126996,0.14397,0.0978413,0.0597451,0.0464911,0.0440975,0.0532556,0.0761544,0.108901,0.128905,0.113367,0.0611005,0.0330239,0.0236294,0.0166419,0.017446,0.0229228,0.0325992,0.0442276,0.0451705,0.0602724,0.0778591,0.101502,0.0636938,0.0308565,0.0231044,0.0173188,0.0148705,0.0135958,0.0132571,0.0153564,0.0195288,0.0216654,0.0244037,0.0278624,0.0337248,0.0379149,0.0474807,0.0507086,0.0495224,0.062154,0.0585615,0.0429546,0.0330944,0.0230648,0.0121527,0.0126677,0.0090912,0.00778602,0.00895141,0.0106556,0.0102112,0.00869267,0.00907771,0.0123629,0.0143398,0.0134731,0.0162261,0.0187884,0.0199268,0.0161548,0.0154791,0.0160438,0.0181306,0.0233247,0.0397984,0.0502635,0.0515566,0.0499776,0.044065,0.0372066,0.0281046,0.022069,0.0191847,0.015705,0.0100856,0.0091899,0.00785971,0.0060826,0.00661603,0.00446921,0.00136561,0.00393192,0.00333482,0.004099,0.0034665,0.00261158,0.00338993,0.00343338,0.00436345,0.00405316,0.00506594,0.00418609,0.00590116,0.00840112,0.00820412,0.00659977,0.00637239,0.00738202,0.00518967,0.00527198,0.00574192,0.00678211,0.00705013,0.00999057,0.0112838,0.0126516,0.0140721,0.0169134,0.0138262,0.0131016,0.0129791,0.0180846,0.019947,0.0165725,0.0106884,0.00919663,0.00926356,0.00856514,0.00882907,0.0094286,0.01026,0.0104317,0.0070376,0.00660129,0.00386013,0.00595256,0.00599564,0.00741539,0.00535978,0.00719176,0.00566714,0.00600032,0.00559137,0.00511853,0.00383255,0.00429099,0.00370908,0.00321787,0.0016168,0.00335527,0.00422726,0.00399811,0.00292685,0.00400806,0.00686211,0.00239616,0.00438666,0.0026398,0.00394388,0.0038381,0.00226664,0.0021286,0.00122857,0.0008780007,0.00210051,0.00106371,0.0016037,0.0012763,0.00220262,0.00264284,0.00303103,0.00211555,0.00328932,0.00222489,0.00298977,0.00157671,0.0040308,0.00480949,0.00215727,0.00433471,0.00577741,0.00202072,0.00327317,0.00320807,0.00250681,0.0008303171,0.0007421194,-0.00940446,0.00242878,0.0032161,0.00168586,0.00264777,0.00447684,0.00146,0.0024097,0.00451814,0.00260443,0.00309082,0.00412217,0.00231124,0.00240586,0.00759377,0.00598989,0.0003715681,0.0005562883,0.00238225,0.00465113,0.00370325,0.00104215,0.00373611,0.00427258,0.00317715,-0.0002154431,0.00606148,0.00571138,-9.0273e-05,0.00137815,0.0005275382,0.00603976,0.0009739695,0.00864362,0.0001560652,0.00221075,0.0023321,0.00357501,0.00502957,0.00252051,0.0106745,0.0017299,0.00442453,0.00135925,0.00343734,0.00370756,0.00558814,0.0070381,0.00609751,0.00630815,0.00553793,0.0088026,0.00445523,0.0145628,-0.00904804,0.0107939,0.00713986,0.0092134,0.00564553,0.0154862,0.0172358,0.0176866,0.0222532,0.0288336,0.0332954,0.0237741,0.0202595,0.0206219,0.0207193,0.02155,0.019395,0.0238632,0.0206825,0.0193458,0.0119525,0.00754047}"
26728,89340.439385074,25.144002419351,21.183802068232,-9.2360684409808,120.61805704509,"{0.0494864,0.0832293,0.124243,0.138737,0.096904,0.059799,0.0473143,0.0442277,0.0536111,0.0757588,0.106149,0.110218,0.102032,0.0596212,0.032612,0.0234393,0.0167014,0.0174393,0.0225445,0.032454,0.0434379,0.0443072,-1.774637e-16,0.0761062,0.0985885,0.0625848,0.0311399,0.0226248,0.0171993,0.0154372,0.0134047,0.0127894,0.0157233,0.019468,0.0213629,0.0240231,0.0272535,0.0329648,0.037211,0.0462052,0.049184,0.0485001,0.0602175,0.0573806,0.0423085,0.0333722,0.0216231,0.0127139,0.0130355,0.00946043,0.00839197,0.00815075,0.0108512,0.00977635,0.00908875,0.00941744,0.0122927,0.0136647,0.0122382,0.0148693,0.0184761,0.0187357,0.0160263,0.0151216,0.0161039,0.0176906,0.0225299,0.0376928,0.0464643,0.0488012,0.0477461,0.0422864,0.0347967,0.0276908,0.021928,0.0178832,0.0141496,0.0104596,0.00710693,0.00762847,0.00623563,0.00606744,0.00483942,0.00379507,0.0036554,0.00287549,0.00338186,0.00317311,0.00296971,0.00337796,0.00341644,0.00453105,0.00447886,0.00428092,0.0047173,0.00613993,0.00726465,0.007937,0.00805167,0.00705603,0.00694997,0.00590763,0.00387355,0.00519646,0.00586267,0.00747426,0.00936329,0.0104438,0.0124074,0.0141514,0.0164435,0.0143647,0.0128806,0.0131109,0.0167299,0.0200493,0.0166161,0.0101542,0.00881546,0.00878579,0.0086939,0.00914017,0.00944535,0.00978537,0.00936433,0.00754782,0.00601782,0.00557621,0.00626876,0.00655092,0.00674571,0.00625801,0.00591934,0.00587007,0.0054921,0.00514481,0.0049646,0.00440958,0.00368692,0.00314072,0.00291819,0.00270169,0.0024649,0.00268261,0.00350993,0.00328239,0.00346067,0.00746146,0.00433675,0.00379591,0.00347622,0.00352653,0.00280472,0.00255264,0.0018857,0.00131368,0.00124065,0.0016465,0.00208256,0.00280001,0.00237287,0.0023982,0.0022923,0.00204296,0.00217146,0.0026853,0.0026927,0.00280529,0.00287256,0.0030351,0.00296702,0.00242032,0.00244034,0.00247255,0.00264092,0.00284083,0.00286528,0.0018425,0.0007963696,0.00241347,-0.0003706471,0.00365638,0.00393644,0.00283516,0.00324986,0.00344023,0.00381821,0.004124,0.00379673,0.00435154,0.00313374,0.00370243,0.00369297,0.00385399,0.00317797,0.00351045,0.00378604,0.00272582,0.00294009,0.00265829,0.00254885,0.00365719,0.00328615,0.00208452,0.00337353,0.00344733,0.00272508,0.0022628,0.00345051,0.00144246,0.00288641,0.00290471,0.00260515,0.00310521,0.00878647,0.00302932,0.00443262,0.00415116,0.0032531,0.00358004,0.00974456,0.00522922,0.00387098,0.00459713,0.00385441,0.00673761,0.00648165,0.0070788,0.00920256,0.00894298,0.00766142,0.00802562,0.00815576,0.00717909,-3.597075e-15,0.0086953,0.00962398,0.0113184,0.00339484,0.0102974,0.0138459,0.0166952,0.0219818,0.0222121,0.0240972,0.0256383,0.0253949,0.0236639,0.0238007,0.0226797,0.0226894,0.0219655,0.0230548,0.0390543,0.0157243,0.0125994}"
44060,94454.563268748,29.295554566244,21.143309107917,-9.1554090168976,121.09769065871,"{0.0523264,0.089448,0.133286,0.149506,0.101316,0.0629412,0.0500602,0.04732,0.057288,0.0810797,0.113641,0.133695,0.115349,0.0633822,0.033842,0.0247288,0.017464,0.0185642,0.0238136,0.0347022,0.046789,0.0478653,0.0639486,0.0824431,0.105901,0.0657045,0.0328628,0.024329,0.0180566,0.0153726,0.0141234,0.0136008,0.016648,0.0204573,0.0230353,0.02557,0.0294307,0.0350922,0.040294,0.049421,0.052717,0.0525301,0.0653225,0.0612699,0.0454447,0.0368054,0.0240975,0.0134379,0.0130931,0.00982613,0.00882781,0.00913608,0.0115419,0.0105703,0.00946126,0.0102273,0.0133252,0.0145072,0.0137627,0.0159293,0.0203111,0.0204763,0.0175618,0.0164923,0.0177322,0.0193666,0.0245938,0.0404723,0.0518034,0.0527002,0.051601,0.0455172,0.0383785,0.0296727,0.0238668,0.0197,0.0159712,0.0109696,0.00886717,0.00846051,0.00668436,0.0064761,0.00537053,0.00422393,0.00397237,0.0037352,0.00306003,0.0029247,0.00331273,0.00337645,0.00345134,0.00310264,0.00498422,0.00456745,0.00518456,0.00645847,0.0078084,0.00831432,0.00837878,0.00760862,0.00736806,0.00620647,0.00547255,0.00511249,0.00647957,0.00786384,0.0100609,0.0114755,0.0134057,0.0152202,0.0181325,0.0155829,0.0137615,0.014171,0.0179774,0.0214489,0.0176239,0.0109985,0.00994251,0.00949018,0.0097683,0.0092777,0.0101187,0.0107804,0.00998081,0.00775422,0.0063588,0.00562337,0.00679979,0.0071299,0.00787118,0.00699338,0.00652431,0.00589366,0.00588044,0.0055468,0.00497506,0.00442013,0.00399783,0.00327693,0.0030766,0.00237531,0.00263649,0.00290005,0.00366528,0.00359342,0.0036662,0.00829413,0.00459102,0.00342948,0.00379732,0.00401841,0.00315766,0.00235052,0.00225516,0.00160038,0.00181276,0.00164619,0.0020445,0.00229663,0.0019002,0.00190057,0.00252501,0.00160411,0.00214115,0.0022132,0.00288034,0.00277644,0.00337455,0.00252765,0.00351408,0.0035427,0.00267551,0.00365474,0.00251981,0.00266715,0.00280505,0.00270352,0.00759001,0.00267044,0.00689367,0.00111006,0.0039565,0.00329893,0.0036541,0.00301303,0.00353725,0.00331725,0.00359632,0.00294623,0.00392565,0.00387126,0.00379894,0.0025087,0.00384314,0.00296714,0.00334964,0.00720315,0.0032634,0.00319253,0.00394365,0.00376551,0.00286213,0.00330129,0.00251277,0.0020531,0.00301012,0.00270302,0.00297714,0.00214585,0.00370815,0.00244799,0.00207515,0.00245978,0.00588806,0.00291504,0.00211589,0.00289893,0.00381739,0.0043229,0.00177914,0.00443586,0.00459027,0.00542448,0.00800822,0.00663166,0.00527449,0.00593967,0.0075981,0.00669127,0.00945959,0.00761137,0.0099433,0.00852203,0.00377329,0.00766091,0.00797614,0.00588866,0.00806238,0.00963817,0.0147255,0.0180159,0.0205488,0.0253167,0.0248272,0.0215703,0.0236885,0.0233082,0.0211135,0.0207976,0.0215024,0.0165894,0.0184678,0.0223495,0.0145304,0.0155301}"
43975,91839.182380584,29.20646895402,20.992518994638,-8.7575474724808,121.37691630984,"{0.0518591,0.0890816,0.132993,0.147669,0.100261,0.0628918,0.0508572,0.0476063,0.0591075,0.0842736,0.117544,0.138198,0.11747,0.065429,0.0348399,0.0258921,0.0181651,0.0197612,0.025453,0.0374908,0.0493071,0.0509556,0.068421,0.0877953,0.110575,0.0672085,0.0342897,0.0254336,0.0189223,0.0163149,0.0147203,0.0143913,0.0175925,0.0216741,0.0241644,0.0266371,0.030697,0.0363231,0.0419824,0.051446,0.0544255,0.0540427,0.0668365,0.0635655,0.047825,0.040734,0.024917,0.0135649,0.0135769,0.0102219,0.0110788,0.00919625,0.0123036,0.0108631,0.00982732,0.0107046,0.0138166,0.0154668,0.013906,0.0171566,0.0211926,0.0213408,0.0179747,0.0172607,0.0181563,0.0199188,0.0260163,0.0422806,0.0534935,0.0545197,0.0528875,0.0467062,0.039124,0.0307928,0.0247716,0.0203989,0.016359,0.0118458,0.00904815,0.00860678,0.00726678,0.00670542,0.0052734,0.0041371,0.00393136,0.00275928,0.00364797,0.00356536,0.00353761,0.00345428,0.00372123,0.00407035,0.00535215,0.00473517,0.00547993,0.00658666,0.00812313,0.00859823,0.00843683,0.00759061,0.00763779,0.00619216,0.00551552,0.00526384,0.00638492,0.00838592,0.0100914,0.0113726,0.01303,0.0149771,0.017582,0.0156103,0.0135486,0.0140198,0.0179741,0.0206767,0.0174645,0.0112004,0.00961239,0.00932487,0.00984428,0.0096856,0.01032,0.0105133,0.0102277,0.00816556,0.00691788,0.00528775,0.00635224,0.0070007,0.00763776,0.00753381,0.00678772,0.00617891,0.0063231,0.00607515,0.00536969,0.00431859,0.00421088,0.00335415,0.00304104,0.00298258,0.00219788,0.00372076,0.00399976,0.00408182,0.00412819,0.00767888,0.00441542,0.00384265,0.00301668,0.00417788,0.0032876,0.00243227,0.00206044,0.00160534,0.00131239,0.00182911,0.00222096,0.00215121,0.00224161,0.00211869,0.00244928,0.00139997,0.00278424,0.00269457,0.0029934,0.0024317,0.00349298,0.00316486,0.00344552,0.00316541,0.00281879,0.002384,0.00287453,0.00178973,0.00233377,0.00128708,0.0009750648,0.00363952,-0.00163553,0.00244979,0.00384259,0.00390003,0.00371509,0.00373748,0.00310374,0.00377565,0.00368029,0.00366858,0.00446684,0.00490826,0.00326456,0.0038074,0.00412134,0.00367975,0.00358153,0.00635537,0.00243702,0.00270727,0.00240755,0.0023836,0.00315416,-0.0008266727,0.00288508,0.00226773,0.00328783,0.00283795,0.00341774,0.00335674,0.00301437,-0.00125484,0.00608186,0.00299462,0.00393441,0.00280082,0.00365501,0.00169434,0.00519257,0.00426325,0.00481934,0.00490135,0.00440727,0.00475155,0.00546316,0.00525964,0.0042276,0.0064562,0.00641532,0.00742978,0.00772393,0.00822837,0.0075804,0.00864677,0.0131357,0.00671401,0.00890204,0.00730313,0.00780545,0.0095662,0.0154825,0.0169796,0.021157,0.0236938,0.0258482,0.022942,0.0221353,0.0207993,0.0260751,0.0200951,0.0193962,0.0164344,0.016067,0.0107721,0.014636,0.0109738}"
44122,90129.563852027,28.629296630692,20.91022057813,-7.8712558880457,121.868798745,"{0.0518272,0.0884217,0.133248,0.148545,0.0999023,0.0627895,0.0505881,0.0474143,0.0588279,0.0837919,0.117809,0.139352,0.118421,0.0650161,0.0345542,0.0258807,0.0180054,0.0196449,0.0254485,0.0369192,0.0488252,0.0506402,0.0681756,0.0883249,0.11242,0.0674265,0.0342109,0.0252671,0.0189765,0.0162115,0.0147473,0.014348,0.0174809,0.0214196,0.0237696,0.0264525,0.0303736,0.0360704,0.0415135,0.051543,0.0544029,0.0541251,0.0669771,0.0645429,0.0483214,0.0413309,0.0253172,0.0126295,0.0128069,0.0100535,0.0091819,0.00918086,0.0122377,0.0107185,0.00940576,0.010482,0.0136206,0.0150163,0.0138798,0.0164107,0.0207996,0.0211813,0.0179512,0.0164142,0.0176611,0.0199285,0.0254675,0.0425454,0.0536177,0.0547228,0.0532928,0.0469238,0.0390748,0.0309841,0.0242306,0.0198275,0.0161815,0.011348,0.00871321,0.00822126,0.0069827,0.00680135,0.00524871,0.00409837,0.00386,0.00311669,0.00337364,0.00297,0.00316686,0.00345905,0.00324661,0.00501094,0.0047554,0.00431994,0.00532966,0.00638629,0.00760792,0.00846416,0.00803989,0.00749228,0.00723737,0.00598693,0.00509625,0.0050919,0.00619647,0.00801946,0.00968026,0.010796,0.0126998,0.0145996,0.0169441,0.0152359,0.0131428,0.0141259,0.0178906,0.0208606,0.0175343,0.0108313,0.00956965,0.00934317,0.00914491,0.00910069,0.00974341,0.0102414,0.00980621,0.00798123,0.00684316,0.00469582,0.00593323,0.00673228,0.00710575,0.00657804,0.00672845,0.00582737,0.00588921,0.00513865,0.00495795,0.00432186,0.00379485,0.00292829,0.00291503,0.00280239,0.00120107,0.00341266,0.00417128,0.00323672,0.0035333,0.0076384,0.00367701,0.00393487,0.00344753,0.0034163,0.00233098,0.00249744,0.00190042,0.0013416,0.00129897,0.00131272,0.0020009,0.00236799,0.00209586,0.0024018,0.0018574,0.00214065,0.00186648,0.0018711,0.00255281,0.0028293,0.00330533,0.003109,0.00296147,0.00291067,0.00256305,0.00219486,0.00248435,0.00250135,0.00217869,0.00292908,0.0036919,0.00142377,-0.00586745,0.00291354,0.00167926,0.00313244,0.0024766,0.00314842,0.00353287,0.003772,0.00250403,0.00446559,0.00321814,0.00415503,0.00296714,0.00336945,0.00331004,0.00259634,0.00267113,0.00568657,-0.0123697,-0.00212728,0.00261691,0.00296125,0.00235218,0.001865,0.00266093,0.00255384,0.00280558,0.00339625,0.00323725,0.00195414,0.0030447,0.00158761,-0.00103708,0.00311146,0.00298303,0.00296131,0.00301197,0.00286961,0.00421365,0.00235408,0.00366442,0.0056498,0.00492533,0.00562054,0.0045832,0.00580959,0.00725201,0.00569329,0.00841696,0.00656325,0.00805587,0.00906846,0.00831435,0.00797229,0.00285464,0.00709971,0.00965482,0.00638272,0.00307534,0.0111628,0.0125572,0.0174657,0.0205495,0.020814,0.0208193,0.019928,0.0233786,0.0183172,0.026103,0.0218082,0.0226851,0.0188431,0.0147983,0.00908917,0.0144014,0.0123096}"
44063,89240.796399021,29.110906410729,20.822261470555,-8.7932743480728,120.13234878725,"{0.0507174,0.0871794,0.130535,0.146824,0.0998729,0.0610583,0.0484878,0.0456841,0.0558026,0.078932,0.111628,0.130944,0.114123,0.0620883,0.033439,0.0240646,0.0172648,0.0179833,0.0231746,0.0335356,0.0454278,0.0463282,0.0624109,0.0797324,0.103989,0.0644829,0.0322437,0.0234997,0.0175756,0.0148117,0.0137706,0.0134721,0.0162766,0.019588,0.0218621,0.0247687,0.0285377,0.033907,0.0387206,0.0475771,0.0510335,0.0507438,0.0630622,0.0596304,0.0439627,0.033695,0.0222841,0.0133391,0.0120295,0.00945741,0.00872371,0.00910085,0.0117143,0.00968004,0.00966745,0.0096356,0.012804,0.0141823,0.0134416,0.0154049,0.019722,0.0197921,0.0171519,0.0158715,0.0173976,0.0189943,0.0241768,0.0396624,0.0509672,0.0511982,0.0505157,0.0440271,0.0363352,0.0293848,0.0238519,0.0167021,0.0158085,0.0107153,0.00861685,0.00757738,0.0071526,0.00688434,0.00517535,0.00380371,0.00429582,0.00294457,0.00376101,0.00288125,0.0089325,0.00323479,0.00408477,0.00349302,0.00493594,0.00401986,0.00511909,0.00665375,0.00792804,0.00800835,0.00794107,0.00687706,0.00769389,0.00570088,0.00586866,0.00520727,0.00609403,0.00716506,0.010085,0.0110847,0.0129076,0.0144095,0.0174317,0.0152621,0.0133681,0.0137812,0.0179538,0.0207546,0.0173153,0.0101549,0.00940507,0.00880974,0.00938997,0.00859941,0.00987295,0.00996739,0.00964601,0.00786853,0.00591038,0.00591704,0.00664276,0.00652118,0.00776054,0.00628376,0.00695335,0.00589565,0.00615727,0.00541102,0.00582351,0.00425261,0.0035234,0.00323021,0.00220396,0.00269386,0.0002694259,0.00480881,0.00413119,0.00290884,0.00420667,0.00771156,0.00470186,0.00356526,0.00344266,0.0030072,0.0030152,0.00149138,0.00214649,0.0006633658,0.00143082,0.00133919,0.00181385,0.00267174,0.00338309,0.00229171,0.00257289,0.00239111,0.00318651,0.0007524076,0.00319397,0.00291154,0.00431494,0.00239732,0.00303352,0.00220839,0.00333746,0.00296877,0.00353885,0.00164015,0.00359513,0.00314838,0.00550328,0.00172205,0.0014898,0.00145074,0.00421724,0.00458004,0.00295795,0.00310865,0.00546338,0.00352743,0.00339084,0.00317233,0.00514148,0.00371288,0.00417801,0.00319602,0.00369913,0.00164584,0.00297778,0.00433466,0.00303331,0.00288381,0.00303119,0.00283768,0.00308962,0.00204898,0.00293565,0.00204119,0.00371667,0.00138285,0.00362182,-0.0005090936,0.00302351,0.00205434,0.00183951,-0.0004824123,0.00130915,0.0017278,0.00208069,0.0004812611,0.00587018,0.00491317,0.00914252,0.00508247,0.00413732,0.00282142,0.00843196,0.00536655,0.00936056,0.00572854,0.00835487,0.00705802,0.00867766,0.00841891,0.0101192,0.00745785,0.00135403,0.00871606,0.00873615,0.0142053,0.0106142,0.0119511,0.0151088,0.0132975,0.0166966,0.0272284,0.0228188,0.0167518,0.0208872,0.0226754,0.0275039,0.0184432,0.0146512,0.0200267,0.0153273,0.00462105,0.0131484,0.0120921}"
26430,48587.467739189,27.774385515531,20.733440398924,-11.533204027545,121.97530842089,"{0.0530941,0.0912228,0.137654,0.154161,0.104683,0.0644059,0.0515247,0.0481251,0.0599904,0.0860378,0.120544,0.142326,0.122087,0.0673107,0.0354122,0.0262227,0.0183173,0.0198603,0.0254677,0.0374669,0.0499597,0.051673,0.0696738,0.0896715,0.113809,0.0694243,0.0347011,0.0254651,0.0189811,0.0163139,0.0142117,0.0141471,0.0174984,0.0217754,0.0240521,0.026895,0.0309711,0.0369974,0.0420366,0.051964,0.0554361,0.0551702,0.0685472,0.0646933,0.0488611,0.041625,0.0251254,0.01317,0.0134452,0.0104327,0.00902089,0.00882618,0.0121709,0.0107929,0.0100865,0.0110013,0.014278,0.0150532,0.0141453,0.0171333,0.0213263,0.0215955,0.0184018,0.0174715,0.0179138,0.0204341,0.0256997,0.0433997,0.0542704,0.0557541,0.0538832,0.0479912,0.0403837,0.0323828,0.0251973,0.0206578,0.0169441,0.012103,0.00904102,0.00874281,0.0067285,0.00650401,0.00482917,0.00423969,0.00435665,0.00295646,0.00358457,0.00399607,0.00260423,0.00364013,0.00374253,0.00450508,0.00494288,0.0046836,0.00508955,0.0069338,0.00849134,0.00785248,0.00826925,0.00796103,0.00731148,0.00610306,0.0041906,0.00498006,0.00621871,0.00829987,0.0102362,0.011589,0.0130288,0.0158812,0.0169579,0.0160873,0.0140751,0.0144895,0.0180455,0.0207503,0.0179851,0.0107208,0.0103117,0.0100338,0.00929233,0.00954926,0.0106379,0.0111686,0.00991554,0.00872213,0.00688964,0.00511224,0.00629755,0.0067589,0.00711983,0.00831005,0.00589114,0.0064226,0.00569147,0.0055814,0.00448949,0.00496226,0.00370049,0.0034456,0.00262464,0.00240008,0.00274606,0.00361083,0.00417819,0.0043989,0.00366169,0.00767623,0.00458285,0.00443457,0.00383316,0.00429758,0.00193026,0.00238957,0.00178888,0.00161645,0.0009568539,0.00141734,0.00218504,0.0006055238,0.00206238,0.00226276,0.00203274,0.00289017,0.0025857,0.00331018,0.00321289,0.0034213,0.00354755,0.00326407,0.00380653,0.00213581,0.00188546,0.00126287,0.00292592,0.00343232,0.00243643,0.00379934,0.00223852,0.00463207,0.011016,0.00329177,0.00134572,0.0029978,0.00244718,0.00455496,0.00460527,0.00473639,0.00361247,0.00332605,0.00436574,0.00391134,0.00319157,0.0036288,0.00468373,0.00343422,0.0046796,0.0053414,0.00190017,0.0015611,0.0009190393,0.00438382,0.0002697117,0.00367059,0.00329604,0.00359472,0.00168788,0.00363281,0.003121,0.00300459,0.00310079,0.00387897,0.00509296,0.00255365,0.00430521,0.00346037,0.0021832,0.00134346,0.00525417,0.00680482,0.00828687,0.00531897,0.00343363,0.00387845,0.0013547,0.00682082,0.00620423,0.00688288,0.00410632,0.00899719,0.00745324,0.00653657,0.0086526,0.0110617,-0.00468376,0.00519137,0.00633704,0.00979584,0.00939904,0.00822314,0.0117741,0.0183592,0.0204237,0.0198091,0.0207841,0.0224661,0.0190112,0.0219914,0.0197083,0.0209276,0.0160089,0.0204628,0.0184353,0.0125021,0.0086513,0.0172807}"
44094,94647.148064761,28.027836330978,20.703463629315,-7.3697920417067,120.29148128567,"{0.0515496,0.0877278,0.13087,0.13184,0.100131,0.0618645,0.0490722,0.0462308,0.0561341,0.0792935,0.104182,0.104952,0.0974612,0.0623446,0.0336762,0.0245296,0.0173102,0.0183279,0.0236115,0.0341374,0.0455863,0.0466657,-6.169584e-17,0.0802451,0.10337,0.0644078,0.0324029,0.0236391,0.0178431,0.0151951,0.0140163,0.0136186,0.0163071,0.0203826,0.0225773,0.0252031,0.0289295,0.0342564,0.039581,0.0488533,0.0518718,0.0514583,0.0636598,0.0602856,0.0440544,0.0351816,0.0243234,0.0132775,0.0134641,0.0098059,0.00827643,0.00900278,0.0114836,0.0103168,0.00952218,0.00990151,0.0129474,0.0143375,0.013166,0.0158766,0.0201102,0.0202843,0.0170742,0.0165141,0.0171605,0.0189356,0.0248135,0.0399606,0.0504991,0.0522242,0.0508651,0.0447454,0.0373106,0.0296393,0.023408,0.0192843,0.0157885,0.0113515,0.0084815,0.00801942,0.00666709,0.0063704,0.00526568,0.00401417,0.00363488,0.00355947,0.00334442,0.00350092,0.00340173,0.00330966,0.00352736,0.00379387,0.00495633,0.0047266,0.00532022,0.00649497,0.00788823,0.00808782,0.00813449,0.00765465,0.0074855,0.00646406,0.00611488,0.00538202,0.00645521,0.00820705,0.0101321,0.0114497,0.0129228,0.0151926,0.0174351,0.0154644,0.0134836,0.0143322,0.0176213,0.0211291,0.0177242,0.0108254,0.00952716,0.00936933,0.00940487,0.00950541,0.00989591,0.0103418,0.00977931,0.00778849,0.00651634,0.00608916,0.00691343,0.00679106,0.00739086,0.00651391,0.00657951,0.00606258,0.00585492,0.00551959,0.00510058,0.00455803,0.00392919,0.00326973,0.00299331,0.00264437,0.00391036,0.00297202,0.00391192,0.00344364,0.00385528,0.00770364,0.00433533,0.00374003,0.00380307,0.00387199,0.0031623,0.00244722,0.00207713,0.0016238,0.00121991,0.0014373,0.0020916,0.00224035,0.00230252,0.00220533,0.00235739,0.00210473,0.00221027,0.00260434,0.00301327,0.00300364,0.00372776,0.00285468,0.00354404,0.00305353,0.00272115,0.00251531,0.00292192,0.00282343,0.00301205,0.00405732,0.00197633,0.0026363,0.00139361,0.0023242,0.00192218,0.00334677,0.00332814,0.00327075,0.00403796,0.00371272,0.00398285,0.00431302,0.0038762,0.00317421,0.00386198,0.00359081,0.00395702,0.00332532,0.00348286,-0.00139463,0.00333094,0.00308364,0.00285265,0.00331484,0.00259941,0.0025238,0.00309992,0.00328859,0.00328863,0.00268142,0.00299431,0.00115502,0.00266157,0.00314132,0.00235405,0.0036725,0.0034676,0.00410463,0.0035331,0.00364719,0.00452792,0.00343434,0.00590274,0.00436073,0.00507879,0.00326627,0.00343362,0.0058997,0.00588538,0.00745632,0.00938708,0.00798357,0.00790429,0.00833159,0.00893092,0.00844086,-1.189226e-15,0.00845475,0.00793964,0.00911348,0.00930882,0.00786881,0.015041,0.0261336,0.020598,0.0227427,0.0228052,0.0205601,0.0233376,0.0206127,0.0208654,0.0224569,0.0206672,0.0192756,0.0202957,0.0271575,0.0181175,0.0131212}"
44013,63109.92575736,32.695670973885,20.654407042422,-11.075980998603,121.09682844366,"{0.0516369,0.089421,0.13429,0.150352,0.101733,0.0634087,0.0509717,0.0478433,0.0593642,0.0846238,0.11835,0.139544,0.118991,0.0654992,0.0346764,0.0256906,0.0178885,0.0193303,0.0249818,0.0369046,0.0489016,0.0504675,0.0661979,0.0869906,0.11079,0.0675418,0.0340831,0.0249625,0.0184949,0.0157697,0.0145957,0.014067,0.0172828,0.0212984,0.0236371,0.0265242,0.0303495,0.0358961,0.0417192,0.0513107,0.0544846,0.0539022,0.0669849,0.0634324,0.0473496,0.0395281,0.0252311,0.0129723,0.0134911,0.0101102,0.00931596,0.0091038,0.01205,0.0106969,0.00944967,0.0103636,0.0137041,0.0152628,0.0140813,0.0165868,0.0209209,0.0212025,0.0179777,0.016748,0.0177676,0.0197945,0.0256488,0.0421006,0.0527833,0.0545795,0.052682,0.0467602,0.038164,0.0305851,0.0242322,0.0196513,0.0161328,0.0114403,0.00851032,0.00830426,0.00660663,0.00685606,0.00549921,0.00414361,0.00412527,0.00272907,0.00325736,0.0032658,0.00321624,0.00367923,0.0034071,0.00436045,0.00510647,0.00470266,0.00520269,0.00655118,0.00797478,0.00791958,0.0086872,0.00762755,0.00753917,0.00604082,0.0063739,0.00519831,0.00633664,0.00835893,0.00994565,0.0116793,0.0131786,0.015171,0.0175054,0.0153251,0.0137293,0.0142531,0.0176272,0.0209701,0.017596,0.0108625,0.0100997,0.0096176,0.00936233,0.00944618,0.0104634,0.0101847,0.00994981,0.00796622,0.00684917,0.00538786,0.00658456,0.00712728,0.00758328,0.00661955,0.00662239,0.00633737,0.00611596,0.00556579,0.00522379,0.00448904,0.00425102,0.00302358,0.00277398,0.0027381,0.00302196,0.0032954,0.00399232,0.00355356,0.00364878,0.008269,0.00460179,0.00389043,0.0038944,0.00351474,0.0031693,0.00268479,0.00247835,0.00190112,0.00120326,0.00183402,0.0023456,0.00218387,0.00254585,0.00230434,0.00289525,0.00240345,0.00245782,0.0026761,0.00313472,0.00319823,0.00329075,0.00322384,0.00363366,0.00263759,0.00236852,0.00244745,0.00278506,0.00275008,0.0027659,0.00310289,0.00240174,0.00328599,0.019714,0.00405868,0.00402877,0.00370721,0.00396016,0.00367266,0.00437157,0.00344548,0.00413522,0.0035607,0.00420358,0.00407865,0.00355508,0.00373823,0.00432998,0.00386693,0.00406977,-0.00243586,0.00341115,0.00270627,0.00360427,0.00274782,0.00412787,0.00308846,0.00228763,0.00131892,0.00303428,0.00149938,0.00374487,0.00370759,0.00298668,0.0034734,0.00485303,0.00356297,0.00546931,0.00300917,0.00457681,0.00341265,0.00501904,0.00284266,0.00304103,0.00547503,0.00539334,0.005189,0.00530062,0.00572747,0.00516699,0.00631773,0.00745203,0.00800384,0.00943524,0.00852188,0.0103515,0.00428615,-0.0130344,0.00968857,0.0113201,0.00853109,0.00965476,0.00797843,0.0155607,0.01917,0.0233996,0.0214847,0.0274424,0.0194855,0.0223467,0.0263881,0.02487,0.0245104,0.0228062,0.0235629,0.0197575,0.0256496,0.0183036,0.00913803}"
44060,83931.538766677,28.047334063773,20.56314500971,-6.6563018308386,121.76919451493,"{0.0537186,0.0907438,0.136342,0.153045,0.103356,0.0639558,0.0512346,0.0479769,0.0582494,0.0823033,0.116733,0.138029,0.119445,0.0645299,0.0348297,0.0254208,0.0179036,0.0189673,0.0244051,0.035536,0.0473424,0.0487621,0.073741,0.0857025,0.11074,0.0681708,0.0336495,0.0248878,0.018641,0.0159422,0.0146195,0.0140218,0.0170099,0.0211738,0.0234695,0.0262331,0.0300413,0.0357752,0.0414053,0.0517327,0.0547679,0.0547989,0.0686136,0.0650223,0.0473141,0.0386544,0.0252382,0.0138146,0.0139487,0.0101082,0.00800193,0.00905272,0.0119995,0.010497,0.00958402,0.0133034,0.018477,0.015577,0.0140867,0.0164828,0.0207123,0.0210498,0.0175451,0.0170106,0.0176917,0.0195334,0.0252336,0.0426764,0.0549248,0.0557657,0.0539424,0.0483,0.0399488,0.031558,0.0246449,0.0202029,0.0160872,0.0116645,0.00892941,0.00873336,0.00715354,0.00672169,0.00540937,0.00444684,0.00419672,0.00334443,0.003499,0.00358756,0.00354988,0.003606,0.00367627,0.00451401,0.00501181,0.00458957,0.00562872,0.00670541,0.00805977,0.00834374,0.00840782,0.00785992,0.00784606,0.00668642,0.00597456,0.00555733,0.00650222,0.00851954,0.0103004,0.0119209,0.0136461,0.0159073,0.0179492,0.0162904,0.0142352,0.0148533,0.0184492,0.0221198,0.0182621,0.0112232,0.0101627,0.00971448,0.00978076,0.00996607,0.0103553,0.0114863,0.0102173,0.00825293,0.00671394,0.00654832,0.0071208,0.00714274,0.00761327,0.00700896,0.00652908,0.00645174,0.00588425,0.00555147,0.005575,0.00472432,0.00429636,0.00328005,0.003085,0.00296574,0.00292663,0.00295123,0.00397601,0.00360133,0.00430065,0.00830475,0.00428109,0.00404527,0.00383133,0.00403378,0.00316445,0.00265939,0.0019434,0.00160421,0.00180912,0.00164686,0.00237259,0.00330676,0.00225967,0.00226156,0.00253615,0.00272599,0.00252105,0.00298571,0.00286677,0.00317899,0.0029564,0.00346316,0.00352579,0.00310643,0.00266634,0.00192398,0.00339315,0.0026744,0.00325932,0.00364208,0.00160293,0.00346995,0.00175123,0.00286692,0.00395352,0.00330201,0.00422144,0.00357417,0.0041171,0.00332268,0.00359918,0.0041318,0.00393125,0.00386108,0.00378442,0.00240894,0.00384147,0.00298014,0.00273296,0.00590773,0.00326465,0.00252528,0.003257,0.00307158,0.00358563,0.00403222,0.0039976,0.00280995,0.0037806,0.0035255,0.00298517,0.00212752,0.0020192,0.00419714,0.00390538,0.00337053,0.002137,0.00389338,0.00309883,0.0038774,0.00378882,0.00530643,0.00714322,0.00549786,0.00348757,0.00426421,0.00565318,0.00542229,0.00646,0.00842224,0.00760462,0.00921378,0.00945304,0.00761852,0.00994064,0.00982679,0.00951684,0.00924867,0.00800801,0.00981158,0.00947184,0.0109599,0.0146946,0.0196766,0.0247816,0.0253425,0.0277198,0.0232286,0.0269033,0.0266424,0.0261776,0.024285,0.0251766,0.0224825,0.0225902,0.0315525,0.0144747,0.0182752}"
26645,81738.229614475,24.590924201976,20.544476937549,-6.2034516371812,121.8783203289,"{0.0515037,0.086632,0.128222,0.145956,0.100143,0.0623295,0.0495711,0.0469166,0.0565593,0.078904,0.109881,0.128583,0.112315,0.0619254,0.0340436,0.0246844,0.0174388,0.0186849,0.0236504,0.0340458,0.0447383,0.0460741,0.061708,0.0783772,0.100588,0.0642116,0.0322235,0.0240755,0.017961,0.0170942,0.0140941,0.013823,0.0162254,0.0202159,0.0222343,0.0250965,0.028036,0.0340108,0.0384193,0.047351,0.0500901,0.0500651,0.0613889,0.0580784,0.043003,0.0358015,0.0193674,0.0132547,0.01237,0.0102076,0.00941048,0.00919847,0.0113251,0.0108574,0.00967181,0.00970417,0.0127024,0.0145439,0.0132584,0.0160457,0.0204608,0.0199006,0.0164651,0.015405,0.0164553,0.0189515,0.0230649,0.0385562,0.0478529,0.0493901,0.0474967,0.0427999,0.0337325,0.0287785,0.0227471,0.0193581,0.0151496,0.011116,0.00809947,0.00857349,0.00621676,0.00639268,0.00503841,0.00434727,0.00367979,0.00381527,0.0030993,0.00418018,0.00301436,0.00538815,0.00328602,0.00450708,0.00477283,0.00537988,0.00458757,0.00694297,0.00811017,0.00864066,0.00788105,0.00737906,0.00732727,0.00683512,0.00572221,0.00615262,0.0065517,0.00844815,0.0098056,0.0108788,0.0121876,0.015335,0.0161757,0.0143687,0.0125827,0.0142385,0.0168335,0.0210163,0.016547,0.0114708,0.00859409,0.00885958,0.00936256,0.00943588,0.00906348,0.0108458,0.00912828,0.0090412,0.00699539,0.00690111,0.00662419,0.00743771,0.00664871,0.00765719,0.00655664,0.00602183,0.00486082,0.00544647,0.00444435,0.0057494,0.00336381,0.00374015,0.00333099,0.00318942,0.00243639,0.00331331,0.0036345,0.00400768,0.00360063,0.0082346,0.00347209,0.00406872,0.00306148,0.00459938,0.00332318,0.00318911,0.0013823,0.00215133,0.0006202336,0.00207881,0.00163549,0.00285508,0.00178572,0.00318405,0.0021149,0.00314396,0.00244671,0.00416093,0.00280345,0.00432889,0.00280778,0.00446121,0.00265758,0.00381965,0.00356706,0.00407865,0.00228014,-0.00168736,0.00153699,0.00301438,0.00705339,0.00486657,-0.00562455,0.00531463,0.0028383,0.00409339,0.00469231,0.00394359,0.00287332,0.00547655,0.00409211,0.00382212,0.00280567,0.00482283,0.00296802,0.00598212,0.00337662,0.00520028,0.00262678,0.0018544,0.0019782,0.00316986,0.00137302,0.00277473,0.00470511,0.00291681,0.00171381,0.0044165,0.0029705,0.00424529,0.0008397244,0.00683663,0.00156107,0.00449788,-0.00271361,0.00335388,-0.00371243,0.00473228,0.00259897,0.00627881,0.00337315,0.00712098,0.00899481,0.00619096,0.00564675,0.00645199,-0.0306323,-0.00786986,0.0008195994,0.00701584,0.0066894,0.0119876,0.0074763,0.0094387,0.0110852,0.0146705,0.0139375,0.016294,0.00513322,0.0114058,0.00654931,0.013732,0.0131722,0.0194226,0.0169784,0.0262312,0.0230368,0.0247644,0.0212682,0.0237602,0.0238441,0.0224037,0.0187327,0.0234551,0.0160846,0.0213735,0.0123001,0.016849}"
44056,87143.364640763,30.873942650366,20.449416480679,-9.9526772505675,119.85327716425,"{0.0523894,0.0899263,0.135285,0.150909,0.101755,0.0634122,0.0508907,0.047655,0.0588841,0.0840332,0.117898,0.139096,0.118521,0.0649505,0.034172,0.025274,0.0176633,0.0191696,0.0247047,0.036279,0.0481537,0.0496656,0.074018,0.0863377,0.110236,0.0669564,0.0336785,0.0247394,0.0181762,0.0156817,0.0143469,0.0138872,0.0170497,0.0212208,0.0231186,0.0261185,0.0299994,0.0355927,0.0411255,0.0509663,0.0540306,0.0534677,0.0655282,0.0630808,0.0466244,0.0388916,0.0248907,0.0126094,0.0138147,0.0101942,0.00858363,0.00909766,0.0115911,0.0105295,0.0091561,0.00999542,0.0136133,0.014993,0.0136458,0.0161768,0.0205468,0.0208526,0.0176294,0.0165399,0.0177671,0.0193325,0.0252415,0.0424446,0.0540552,0.0552468,0.0532426,0.0470829,0.0391076,0.0303639,0.0241094,0.0197678,0.0159817,0.0112475,0.00858169,0.00826839,0.00690937,0.00642584,0.00509312,0.00403238,0.00396096,0.00302041,0.00343202,0.0033214,0.00332433,0.00338737,0.00360967,0.00374064,0.00487999,0.00461772,0.00490588,0.00654901,0.0081196,0.00809059,0.0083576,0.00765793,0.00762089,0.00634392,0.00596509,0.00529312,0.00658602,0.0084173,0.0101614,0.0116251,0.0130934,0.0152199,0.017543,0.0157282,0.0137123,0.0146084,0.0180968,0.0215666,0.0183634,0.0111054,0.010124,0.00959799,0.0094493,0.00938404,0.0099531,0.0109801,0.0104423,0.0079856,0.00665228,0.00553487,0.00720803,0.00710466,0.00779707,0.00753725,0.00694265,0.00610392,0.00646564,0.00551318,0.00543118,0.00449365,0.00421575,0.00311054,0.00273826,0.00248626,0.00237054,0.00312103,0.00394071,0.00371466,0.00407063,0.00734488,0.00430723,0.00365873,0.00346445,0.00357842,0.00351269,0.00238862,0.00153883,0.00154747,0.00118437,0.00150693,0.00242646,0.0021997,0.00183107,0.00233914,0.00255085,0.00198099,0.0025523,0.00230909,0.00289622,0.00275923,0.00341019,0.00275399,0.0029416,0.00266706,0.00316176,0.00249695,0.00276613,0.00179426,0.0024228,0.00220717,0.0024921,0.00374253,0.00836443,0.00401544,0.00226978,0.00339115,0.00366147,0.00306797,0.00305871,0.00412725,0.00341372,0.00351305,0.00402607,0.00403766,0.00357845,0.00409809,0.00344893,0.00354394,0.00336498,0.0043718,0.00275709,0.00254537,0.00240264,0.00269163,0.00283657,0.00237898,0.0016675,0.00212851,0.00252211,0.00105247,0.00265063,0.00304087,0.00229935,0.0040271,0.00191811,0.00298698,0.00491869,0.00279207,0.00358594,0.00273816,0.0038387,0.00396764,0.00712387,0.00403659,0.00563453,0.00392095,0.00384732,0.0049651,0.00437928,0.0078082,0.00809195,0.00775447,0.00834619,0.00444251,0.00790146,0.00933743,-0.00148793,0.00894227,0.00836798,0.00546975,0.00913605,0.00999778,0.016177,0.0182309,0.0192212,0.0248536,0.0188053,0.0269412,0.0232669,0.0228506,0.0233569,0.017364,0.0215274,0.0169891,0.0201299,0.00789641,0.01635,0.0147552}"
43975,81699.289087009,28.127009142496,20.438380223812,-6.4541513383185,121.94094722404,"{0.0534217,0.0905344,0.136418,0.152022,0.1021,0.0642103,0.0520121,0.0487841,0.0603553,0.086111,0.121736,0.144714,0.122648,0.0664659,0.0357319,0.0268394,0.0186897,0.0203119,0.0260516,0.0382643,0.0502307,0.0517805,0.0746799,0.092425,0.118201,0.0697269,0.0350562,0.0261223,0.019514,0.0166821,0.0150978,0.0145332,0.0180298,0.022134,0.0245458,0.0272116,0.0313166,0.0369985,0.0434314,0.0543787,0.0573951,0.0575146,0.0718416,0.0676753,0.0497322,0.0419267,0.0258259,0.0136277,0.014575,0.0107583,0.0100161,0.0095607,0.01237,0.0113737,0.0100489,0.0110875,0.014386,0.0157095,0.0144948,0.0172476,0.0213036,0.022132,0.0183915,0.0171868,0.0184169,0.0202017,0.0269168,0.0454475,0.0572083,0.0595077,0.057115,0.0507481,0.041793,0.032998,0.0255992,0.0210163,0.0167772,0.0118737,0.00908089,0.00863243,0.00729636,0.00710347,0.00565906,0.00450517,0.00393832,0.00334274,0.0032653,0.00357607,0.00314583,0.00386152,0.00354194,0.00389991,0.0053624,0.00474346,0.00548777,0.006587,0.00835385,0.00838088,0.00845048,0.0078086,0.00786747,0.00642003,0.00596058,0.00591056,0.00659509,0.00838357,0.0104954,0.0115753,0.0136674,0.0160555,0.0182379,0.0164935,0.013984,0.0148911,0.0186126,0.0225638,0.0186791,0.0111755,0.0100274,0.0097398,0.00981814,0.00966181,0.0100561,0.0107249,0.0102,0.0083868,0.00655302,0.00525731,0.00600132,0.00697588,0.00762142,0.00751864,0.00676715,0.00673526,0.00630237,0.00604828,0.0053626,0.00461313,0.00419132,0.00364076,0.00334024,0.0026588,0.00208157,0.00339065,0.00399675,0.00407211,0.00378553,0.00798697,0.00407462,0.00351394,0.00337514,0.00385764,0.00328015,0.00274759,0.00205481,0.00193296,0.0009654799,0.00216472,0.00187627,0.00214637,0.00223672,0.00249258,0.00229839,0.00207244,0.00233512,0.00268737,0.00257034,0.00242658,0.00349645,0.00313257,0.00390234,0.00314778,0.00234245,0.00236526,0.00285905,0.00178875,0.00280512,0.00368572,0.00111924,0.00363167,0.00331331,0.00338624,0.003814,0.00390264,0.00368904,0.0031365,0.0036945,0.00375295,0.00303738,0.00428407,0.00319931,0.00422302,0.00391289,0.00379468,0.00342934,0.00364428,0.00289877,-0.0007045188,0.00312477,0.00340022,0.00310925,0.00312692,0.00314359,-0.0004997842,0.00211847,0.00225254,0.00331098,0.00282792,0.00335445,0.0042003,0.00297335,-1.620652e-05,0.00117286,0.0019481,0.00497341,0.00279482,0.00362169,0.00377049,0.00410399,0.00425313,0.00477673,0.00489915,0.00434916,0.00473339,0.00543143,0.00653019,0.00677967,0.00774296,0.00641992,0.00740629,0.00639331,0.00814951,0.00881869,0.00997829,0.0251904,0.00667096,0.0102104,0.00727396,0.00921883,0.0109577,0.0154073,0.0178749,0.0225708,0.0251118,0.0241389,0.0228475,0.0237265,0.0258574,0.0258108,0.0255788,0.019366,0.0163838,0.0180995,0.0197846,0.0145649,0.018752}"
43962,87990.842808904,29.751864548268,20.437392904745,-8.920760588745,119.93166042036,"{0.0491588,0.0841409,0.126988,0.143961,0.098994,0.0603096,0.0470179,0.0448321,0.0549567,0.0768954,0.109158,0.128147,0.113134,0.0615948,0.0322555,0.0241619,0.0168988,0.0177146,0.022646,0.0331865,0.0442389,0.0454712,0.0611986,0.078189,0.101848,0.063383,0.031574,0.0234804,0.0176911,0.014873,0.0135951,0.0128339,0.0153616,0.019536,0.0221318,0.0248713,0.0278756,0.0332252,0.0389863,0.0474957,0.0507271,0.0501348,0.061554,0.0585756,0.0422651,0.034753,0.0230957,0.0121591,0.0118633,0.00908676,0.0094007,0.00817659,0.0114271,0.0102101,0.00786218,0.00990565,0.0123654,0.0143444,0.0126073,0.0162243,0.0197115,0.0190679,0.0153513,0.0162867,0.0160479,0.019059,0.022376,0.0388788,0.0485356,0.049882,0.0499581,0.0449302,0.0362765,0.0289979,0.0229364,0.0183555,0.015701,0.011863,0.00824918,0.00785938,0.00607812,0.00572662,0.00447652,0.00147966,0.00308115,0.00333127,0.00318971,0.00345759,0.00352917,0.00339014,0.00342877,0.00262176,0.00404977,0.00506179,0.00417626,0.00682871,0.00744074,0.00914909,0.00850269,0.00732355,0.00640835,0.00614175,0.00527429,0.00481241,0.0058725,0.00793219,0.00998148,0.011261,0.0135323,0.0140507,0.0168847,0.0156936,0.0121392,0.0138859,0.017142,0.0208008,0.0174063,0.0106662,0.00918651,0.00835815,0.00854666,0.00881415,0.0103606,0.0102459,0.0094344,0.00803155,0.00515398,0.00578032,0.00600004,0.00599035,0.00741466,0.00536458,0.0060636,0.00566135,0.00479332,0.00558719,0.00512159,0.00382807,0.0042788,0.00254214,0.00201711,0.00282252,0.00212058,0.00295112,0.00271883,0.0042291,0.00400868,0.00683655,0.00494471,0.00438366,0.00263769,0.00269019,0.00256439,0.0009832119,0.0021345,0.00121844,0.00219338,0.00207943,0.00102557,0.00159768,0.00127284,0.000708479,0.0011272,0.00147446,0.00211887,0.00329146,0.00222402,0.00297981,0.00332418,0.00221344,0.00298161,0.00216103,0.00069513,0.0002841144,0.00201941,0.0032626,0.0013129,0.000618553,0.0047293,0.0007581954,0.0008996793,0.00245297,0.00548482,0.00169508,0.00265098,0.00210903,0.00386556,0.00240915,0.00205121,0.00508451,0.0030945,0.00412245,0.00231384,0.00498736,0.00498611,0.00599385,0.00575266,-0.00210351,0.00237028,0.00182951,0.00372048,0.00103356,0.0008156375,0.00427346,0.00317278,0.0029236,0.00283686,0.00243117,-7.104364e-05,0.00133655,-0.00297934,0.00240893,0.00487896,0.00484371,0.00791747,0.00223322,0.00235534,0.00356804,0.0008757345,0.00683503,0.0105245,0.0062307,0.00907626,0.00609204,0.00343941,0.00369522,0.00554419,0.00698606,0.0008883559,0.00626538,0.00555218,0.003457,0.00448815,0.00379734,-0.00910131,0.00535905,0.00713562,0.00922046,0.00574529,0.00410815,0.0114134,0.0116862,0.0222448,0.0226128,0.0204796,0.0237548,0.0201945,0.0205372,0.0206631,0.0290462,0.0114848,0.0238066,0.0118358,0.0004323999,0.0221442,0.0185275}"
44116,94814.282447879,28.832853469344,20.408255142542,-8.2526341074484,118.5107365165,"{0.0514603,0.088033,0.132111,0.148633,0.100542,0.0616904,0.0488584,0.0461753,0.056337,0.0798193,0.112717,0.132041,0.114914,0.0626229,0.0330156,0.0242278,0.0169244,0.0180877,0.0234579,0.0341318,0.0457881,0.0469421,0.0628751,0.0807282,0.104681,0.0645332,0.0319439,0.0236819,0.0176851,0.0151784,0.0136347,0.0130812,0.0163189,0.0205825,0.0221196,0.0250117,0.028745,0.0338807,0.0390236,0.0485491,0.05176,0.0509977,0.0635497,0.0602439,0.0438522,0.036337,0.0238661,0.013408,0.012932,0.00963083,0.00892491,0.00938042,0.0112232,0.0100747,0.00945398,0.0100882,0.013113,0.0144894,0.0131008,0.0157121,0.0195177,0.0201136,0.0166077,0.0160548,0.0173755,0.0189914,0.0250009,0.0402647,0.0504063,0.0521904,0.05069,0.0444316,0.0383291,0.0291892,0.023365,0.01923,0.0156555,0.0108341,0.00869027,0.00835911,0.00595393,0.00619099,0.00441851,0.00396001,0.003315,0.00347951,0.00344713,0.00307532,0.0034715,0.00389454,0.00375376,0.00637747,0.004311,0.00502729,0.00495214,0.0063233,0.00814276,0.00806445,0.00810594,0.00780479,0.0073636,0.00632279,0.00569125,0.00543608,0.00595257,0.00857352,0.00975531,0.0109013,0.0135301,0.0154694,0.0175482,0.0153942,0.0136282,0.0139694,0.017663,0.0207637,0.0174877,0.0108396,0.0096062,0.00937046,0.00952861,0.00919394,0.00960732,0.0102966,0.00923793,0.0080592,0.00682302,0.00621564,0.00683302,0.00714517,0.00719359,0.00710898,0.00654193,0.00642048,0.00555827,0.00604317,0.0053235,0.00492089,0.00375806,0.00371914,0.00283832,0.00278373,0.00168441,0.00340078,0.00417979,0.00418294,0.00368417,0.00836415,0.00351282,0.00426614,0.00349045,0.00374136,0.00276502,0.00244361,0.00282432,0.00255148,0.00104968,0.00206277,0.00244419,0.0029715,0.00208385,0.00243704,0.00180782,0.00151606,0.00325111,0.00230624,0.00339147,0.00381426,0.00336758,0.00270937,0.00330062,0.00449013,0.00273165,0.00377582,0.00290373,0.00348996,0.00371756,0.00391675,0.00196631,0.00369672,-0.00608134,0.00390985,0.00216407,0.00465225,0.00216413,0.00465208,0.00451568,0.00402934,0.00410224,0.00460936,0.00404564,0.00518627,0.00324738,0.00491454,0.00407577,0.00469765,0.00238533,0.00680407,0.00117731,0.00329755,-2.46079e-05,0.00206703,0.00240455,0.00131773,0.00387479,0.00133323,0.00359635,0.00286123,0.00203635,0.00362843,0.00326037,0.00356693,0.00470184,0.00350285,0.00224208,0.00415878,0.00267622,0.00499738,0.00288607,0.00404875,0.00654355,0.003343,0.00357675,0.00468979,0.00462214,0.00527804,0.00434455,0.00645698,0.00708309,0.00844743,0.0107495,0.00845703,0.00946743,0.0131114,0.00817867,0.0124143,0.00934086,0.00911033,0.00499319,0.0122929,0.0161013,0.0177397,0.0224851,0.0238978,0.0236553,0.0219977,0.0239942,0.0203577,0.0154281,0.0238121,0.0173673,0.0256049,0.0152531,0.0305537,0.0212256,0.0184374}"
44057,75999.1285351,32.224352997961,20.376843192357,-10.476730561461,120.93799740761,"{0.0523268,0.089988,0.1347,0.151194,0.102643,0.0633959,0.0503898,0.0472647,0.0581084,0.0825811,0.115353,0.135439,0.11705,0.0640399,0.0338953,0.0248031,0.0174684,0.0186384,0.0240179,0.0351247,0.0473573,0.0485696,0.0654039,0.0833815,0.107384,0.0666781,0.0334769,0.0244232,0.0181649,0.0154749,0.0142491,0.0140126,0.0167124,0.0207427,0.0230314,0.0256352,0.0295172,0.0353488,0.0406098,0.050075,0.0532856,0.0527614,0.0654709,0.0622067,0.0456056,0.0373215,0.0240012,0.0136166,0.0131899,0.00994076,0.00970116,0.00940216,0.0116712,0.0103966,0.00963399,0.0102287,0.0137576,0.0148144,0.0132304,0.0165204,0.0203898,0.0206194,0.0173977,0.0164812,0.0175579,0.0198545,0.0247922,0.0413799,0.0522524,0.0537395,0.0520673,0.0464441,0.0380733,0.0300409,0.0233307,0.0197394,0.0159916,0.0113636,0.00859852,0.00812423,0.00696934,0.00661575,0.005461,0.00419656,0.0039896,0.00324554,0.00347785,0.00352947,0.00338378,0.00367658,0.00370179,0.00615219,0.00493238,0.00455418,0.00537722,0.00669512,0.00768051,0.0086372,0.00854532,0.00761617,0.00740819,0.00624071,0.00499256,0.00544545,0.00641568,0.00834253,0.0101442,0.011565,0.0130317,0.01538,0.0174372,0.0154852,0.013726,0.0143753,0.0177818,0.0212235,0.0178324,0.0112912,0.0101827,0.00956451,0.00966158,0.00963611,0.0101623,0.0108372,0.0100242,0.0082024,0.0065869,0.00643191,0.00691321,0.00721537,0.00775391,0.00696014,0.00640771,0.00634476,0.00603916,0.00600287,0.00541734,0.0046299,0.00415034,0.00306988,0.0028894,0.00337662,0.00360711,0.00379017,0.00395824,0.00352132,0.00387036,0.00794613,0.00423053,0.00387849,0.00391653,0.00391991,0.00346936,0.00256898,0.0022857,0.00223636,0.00185714,0.00175185,0.0020471,0.00235375,0.00216474,0.0029334,0.00245696,0.00284524,0.00249505,0.00277958,0.00322995,0.00365879,0.00330533,0.00316497,0.00340666,0.00286698,0.00272602,0.00403114,0.00308918,0.00326958,0.00303022,0.00322199,0.00104817,0.00331339,0.00565474,0.00210348,0.00233903,0.003718,0.00413353,0.00373669,0.0034527,0.00350373,0.00413717,0.00440788,0.00411747,0.00482377,0.0042862,0.00456382,0.00329623,0.00334923,0.00469607,0.00452906,0.0032344,0.00235358,0.00310221,0.00353813,0.00355295,0.00314029,0.00322774,0.00306947,0.00221276,0.00216423,0.00325995,0.00409384,0.00467539,0.00340994,0.0028393,0.00271357,0.00357441,0.00382969,0.00340393,0.00431759,0.00342402,0.00522478,0.00511757,0.00543565,0.00487304,0.00531916,0.00488631,0.00763579,0.00507434,0.00723047,0.00604113,0.00730515,0.00693299,0.00653415,0.00824355,0.0104015,0.0207754,0.00888463,0.00912164,0.00787086,0.00778553,0.0109488,0.0159081,0.0209904,0.0219689,0.0251065,0.0231067,0.0273925,0.0250656,0.0237279,0.0193926,0.0240084,0.023198,0.0220923,0.0167905,0.0221355,0.0197838,0.0199773}"
44049,71754.883061259,32.570208778,20.311680768424,-10.634909903496,120.89118939532,"{0.0524283,0.0901445,0.135104,0.151728,0.102549,0.0637672,0.0504845,0.0471331,0.0583568,0.0826986,0.115673,0.136302,0.117329,0.0642928,0.0342263,0.024989,0.0174807,0.0186728,0.0239904,0.0354263,0.047344,0.0485026,0.0646868,0.0836604,0.107672,0.066465,0.0338026,0.0245642,0.0182304,0.0161657,0.0242402,0.0148845,0.0168559,0.0209038,0.0231278,0.0260058,0.0297183,0.0352668,0.0406622,0.0501929,0.0534686,0.0528362,0.0659107,0.0625016,0.0460915,0.0375749,0.0235665,0.0136314,0.0132227,0.009908,0.00982521,0.00914835,0.0119428,0.0107711,0.00961844,0.0102171,0.0134608,0.0151292,0.0137103,0.0162377,0.0204944,0.0207023,0.0173051,0.0166935,0.0175705,0.0195379,0.0250882,0.0414004,0.0523183,0.053705,0.0521736,0.0456241,0.0375663,0.0302244,0.023937,0.0201101,0.0157476,0.0115011,0.00854694,0.00843427,0.00671138,0.00674669,0.00515403,0.00438096,0.00396782,0.00311444,0.00340339,0.00337929,0.00336125,0.00359998,0.00332324,0.00412979,0.00498732,0.00497225,0.00522614,0.00643526,0.00750302,0.00868612,0.00849358,0.00738692,0.00768629,0.00657414,0.00613809,0.00564743,0.00658156,0.00849659,0.0102877,0.0115919,0.0131654,0.0150742,0.0175583,0.0156528,0.0136189,0.0147734,0.0176944,0.0213384,0.0180191,0.0112975,0.00988386,0.00951556,0.0095471,0.00973133,0.0101288,0.0110996,0.0100775,0.00754944,0.00672573,0.00566101,0.00685924,0.00710707,0.00788629,0.00710669,0.00672886,0.00633716,0.00430939,0.00596521,0.00515144,0.00462525,0.00403667,0.00334593,0.00312654,0.00299906,0.00248327,0.00362847,0.00400811,0.00416558,0.00396825,0.00852699,0.00446473,0.00425693,0.00327237,0.00411903,0.0033992,0.00284978,0.00162602,0.00180333,0.00164112,0.00198954,0.00192554,0.00249917,0.00210056,0.00348469,0.00229458,0.00414389,0.00270032,0.00328657,0.00311135,0.00308135,0.00323491,0.00385616,0.00335007,0.00335512,0.00301997,0.0024797,0.00247046,0.00244164,0.00319117,0.0010952,0.00183222,0.00414414,0.00386484,0.00284639,0.00439167,0.00431345,0.00334006,0.00325067,0.00349742,0.00465892,0.00454568,0.00474835,0.00499392,0.00341226,0.00398171,0.00399412,0.00406441,0.00415873,0.00325972,0.00665343,0.00316493,0.00305014,0.00367788,0.00408727,0.00315059,0.00381434,0.00284765,0.00372418,0.00316698,0.00284643,0.00207369,0.00780954,0.00388968,0.00420545,0.00312639,0.00381927,0.00314286,0.00393789,0.00375159,0.00451754,0.00345759,0.00436738,0.00400018,0.00627718,0.00452932,0.00550565,0.00542114,0.00588902,0.00680097,0.00638529,0.00814782,0.00775016,0.00700427,0.0068705,0.00886311,0.00914309,0.00608584,0.00779094,0.00968803,0.00877419,0.00877367,0.0108402,0.0167173,0.0245856,0.0207979,0.025351,0.0269542,0.0242061,0.0227982,0.0245602,0.0238313,0.0235987,0.0192439,0.0204801,0.0226876,0.0179472,0.0138743,0.0150703}"
44060,96577.016911305,31.37206838059,20.240866429561,-10.249045210813,119.24991448306,"{0.0521673,0.0899403,0.134968,0.153169,0.104035,0.0631804,0.0502348,0.0470457,0.0575959,0.0819099,0.115234,0.136026,0.117315,0.0640575,0.0339671,0.0246955,0.0173839,0.018479,0.0238431,0.0350396,0.0469738,0.0482434,0.0645203,0.0834141,0.108356,0.0664811,0.0331242,0.0244534,0.0181921,0.0152636,0.0140962,0.0135768,0.0167231,0.0206271,0.0231983,0.0255297,0.0294913,0.0351558,0.0408066,0.0503009,0.0537686,0.0529748,0.0663135,0.062157,0.0455254,0.0371205,0.0249127,0.0134139,0.0128866,0.0099882,0.00882124,0.00911943,0.0116938,0.0103828,0.00905589,0.0102136,0.0136753,0.0148646,0.0137429,0.0163052,0.0202743,0.020634,0.0173521,0.0166484,0.0173111,0.0191344,0.024987,0.0412344,0.0532832,0.0541168,0.0528666,0.0464604,0.0385243,0.0300469,0.0236414,0.0197087,0.0161432,0.0109498,0.00864224,0.00802477,0.00667425,0.0064666,0.00516473,0.00383038,0.00416013,0.00332669,0.0032676,0.00292132,0.0035144,0.00357638,0.0036439,0.00411232,0.00477407,0.00456046,0.00518241,0.00644993,0.00802216,0.00853015,0.0081497,0.00782317,0.00758618,0.00664217,0.00542524,0.00533103,0.00646963,0.00806476,0.0102539,0.0114644,0.0131864,0.0152089,0.0174517,0.0157889,0.0137511,0.0146055,0.0183865,0.0218512,0.0184276,0.0109864,0.009937,0.00948359,0.00954007,0.00925859,0.0103361,0.010998,0.0097455,0.00797212,0.00669354,0.00561308,0.00680023,0.00711628,0.00760422,0.00750319,0.00651806,0.0058912,0.00616307,0.00554022,0.00525954,0.00440458,0.00369759,0.00327211,0.00278149,0.00265514,0.00234471,0.00284676,0.00397109,0.00358256,0.00366016,0.00764947,0.00428188,0.00371804,0.00345834,0.00339616,0.0034542,0.00266047,0.00225006,0.00127826,0.00181418,0.00131989,0.00204406,0.00128285,0.0018876,0.00189585,0.00214367,0.00234541,0.00251144,0.0022041,0.00288977,0.00277756,0.00294017,0.00289584,0.00305833,0.00265592,0.00268059,0.00185451,0.00253026,0.00265561,0.00325684,0.00175895,0.00238207,0.00186518,-0.00527677,0.00201605,0.00505006,0.0032906,0.0041971,0.00301193,0.00410671,0.00389595,0.00358799,0.00354343,0.00451728,0.00326055,0.00442653,0.00260507,0.00320816,0.00231334,0.00331661,0.00783628,0.00392231,0.00318312,0.00393725,0.00236723,0.00283962,0.00256437,0.00322457,0.00279869,0.00301204,0.0018752,0.00296497,-0.0003508479,0.00284679,0.00330457,0.00204875,0.00246689,0.00310796,0.00383718,0.0148421,0.00585253,0.00484425,0.00436547,0.00489388,0.00552911,0.00568869,0.00314011,0.00800933,0.00302134,0.00653351,0.00594608,0.0075803,0.00541566,0.00817608,0.0063115,0.00864696,0.00849587,0.022964,0.00605862,0.00793467,0.00728545,0.00663934,0.00830179,0.0147414,0.0177632,0.0221186,0.0208286,0.0234265,0.0167666,0.0252794,0.0232922,0.0125787,0.0208521,0.0234034,0.0185271,0.0185098,0.00641737,0.0145858,0.017965}"
43975,93833.968251705,31.219383081457,20.082223191072,-9.8216899192625,119.58379486786,"{0.052195,0.0897433,0.134629,0.149634,0.101106,0.0633806,0.0509903,0.0479788,0.0594731,0.0849799,0.119017,0.14062,0.119436,0.0658318,0.0349206,0.0260342,0.0182041,0.0198517,0.0254895,0.0377544,0.0497239,0.0515564,0.0697512,0.0892785,0.113422,0.0682736,0.0345457,0.0254814,0.0189047,0.0163733,0.0147852,0.0142069,0.0176621,0.0219276,0.0240446,0.0269773,0.0311349,0.036685,0.0426669,0.0522515,0.0553817,0.0546941,0.0684786,0.0645023,0.0481892,0.0413454,0.0248874,0.0167465,0.0139054,0.0102119,0.0100985,0.0096413,0.0122854,0.011014,0.00980629,0.0108604,0.0141286,0.0152866,0.0138949,0.0171331,0.0217163,0.02149,0.018112,0.0174007,0.018144,0.0200863,0.0259865,0.0437255,0.0548468,0.0561665,0.0544088,0.0479465,0.039633,0.031331,0.0249397,0.0205606,0.0167022,0.0114777,0.00923742,0.00840779,0.00706035,0.00688667,0.00526476,0.00414105,0.00393274,0.00314181,0.00344106,0.00356087,0.00353097,0.00344869,0.00371186,0.00328374,0.00515441,0.00493002,0.00547548,0.00764884,0.00854133,0.0088167,0.00820611,0.00759129,0.0078509,0.00618462,0.00593967,0.00547427,0.00638122,0.00838265,0.0102983,0.0113664,0.0134425,0.0151891,0.0175723,0.0158281,0.0137684,0.0144607,0.0177403,0.0211039,0.0180821,0.0109905,0.0102446,0.00976114,0.00984467,0.00968307,0.0103227,0.0107462,0.00949772,0.0081658,0.00690572,0.0053019,0.0066843,0.00700345,0.00762969,0.00697723,0.00678627,0.00646909,0.00632296,0.00577422,0.00505045,0.0046144,0.00391832,0.00305477,0.00332634,0.0026882,0.00136939,0.0030801,0.00398759,0.0034172,0.00412376,0.00799957,0.00474021,0.00415746,0.00328044,0.00352755,0.00328175,0.00243438,0.00205764,0.00193973,0.00165557,0.0021703,0.00255815,0.00214713,0.0022372,0.00211524,0.00220127,0.00190774,0.00202288,0.00228265,0.00298602,0.00286086,0.00257278,0.00272012,0.0034384,0.00316979,0.00281785,0.00192315,0.00287788,0.00274616,0.0033069,0.00327509,0.00132286,0.00278515,0.00657395,0.00339431,0.00209872,0.00270595,0.00312902,0.00311865,0.00372849,0.00378207,0.00367828,0.00366887,0.00443841,0.0042661,0.0032565,0.00380379,0.00480026,0.0036996,0.00356567,0.00507297,0.00314876,0.00343126,0.00315679,0.00310639,0.00315113,-0.00191796,0.00364417,0.0014717,0.00325012,0.00367083,0.00260531,0.00427531,0.00304228,-0.00156898,0.00232138,0.00305145,0.00187717,0.00381041,0.00471611,0.00589135,0.00412577,0.00315146,0.00370948,0.00372851,0.00563313,0.00231057,0.00547221,0.00523675,0.00685453,0.00646327,0.00771323,0.0074248,0.00768482,0.00827735,0.00901846,0.00727592,0.00924979,0.009471,0.0102892,0.0129085,0.00778319,0.0109853,0.0125949,0.017523,0.0211949,0.0237428,0.0259174,0.0197272,0.0238185,0.0208512,0.0244918,0.01821,0.0213071,0.0184738,0.022605,0.0246776,0.0196561,0.0137862}"
44013,76377.108564744,34.190069901363,20.067612228641,-11.733707885979,119.73488004746,"{0.051852,0.0897216,0.13561,0.15186,0.102527,0.0638084,0.0510075,0.0478284,0.0594533,0.0850364,0.119417,0.141219,0.120426,0.0659412,0.0348603,0.0257584,0.017949,0.0194518,0.0249948,0.036981,0.0492737,0.0507888,0.0669097,0.0882922,0.112594,0.0682441,0.0343311,0.0252735,0.0185765,0.016,0.0146053,0.0139857,0.0173795,0.0213089,0.0236441,0.026627,0.0305638,0.0360173,0.0419491,0.0516526,0.0548547,0.0543982,0.0676344,0.0639754,0.0479388,0.0398914,0.024468,0.0129815,0.0147949,0.0102831,0.00965262,0.00957173,0.0120597,0.010705,0.00945848,0.0103659,0.0138855,0.0152756,0.0137389,0.0169571,0.0211218,0.0213919,0.017658,0.0169316,0.0179668,0.0196247,0.0254751,0.0423293,0.052998,0.0546318,0.052915,0.0466221,0.0386209,0.0304298,0.0242652,0.0198536,0.0161484,0.0118406,0.00871695,0.00852677,0.00700977,0.00667848,0.00532539,0.00414551,0.00394086,0.00271589,0.0032621,0.00306364,0.00301736,0.00328282,0.00361432,0.00418293,0.00511551,0.00471457,0.00500414,0.00678055,0.00797248,0.00815356,0.00870556,0.00764719,0.00755726,0.00649797,0.0052745,0.00521637,0.00634844,0.0083732,0.0103857,0.0114962,0.0134309,0.0149855,0.0171037,0.0151284,0.0135398,0.0142894,0.0174385,0.0212278,0.0178423,0.0108846,0.00991632,0.0096467,0.00961204,0.00947452,0.0102686,0.00989714,0.00998047,0.00823201,0.00722826,0.00587478,0.00626801,0.00661498,0.00760514,0.00696003,0.00692363,0.00607033,0.00582925,0.00588326,0.0052242,0.00479962,0.00396118,0.00303188,0.00278826,0.00274582,0.00272718,0.00329175,0.00400205,0.00356374,0.00366755,0.00796459,0.00428474,0.0039136,0.00391785,0.00352525,0.00318305,0.00236311,0.00283379,0.00190235,0.00189989,0.00184109,0.00200297,0.00184952,0.00181097,0.00231505,0.0021264,0.00241701,0.00286277,0.00308718,0.0027272,0.00320353,0.0033061,0.00325514,0.00364828,0.00264312,0.00331425,0.00666765,0.00941259,0.565568,1.22896,0.0182557,0.00240561,0.00159249,0.016563,0.00216999,0.00343669,0.0031241,0.0039839,0.00366509,0.00439943,0.00407028,0.0035289,0.0048429,0.00423387,0.00409057,0.00356084,0.00375768,0.00367995,0.00321277,0.00341281,0.00804001,0.00343029,0.00344318,0.00288303,0.00348956,0.0033949,0.00309469,0.00227681,0.00207265,0.00221561,0.00316961,0.00205695,0.00189184,0.00214031,0.00161432,5.117058e-06,0.00358019,0.00252152,0.00303435,0.00358816,0.00238359,0.00507228,0.0027804,0.0053721,0.00434847,0.00307142,0.00399709,0.00909588,0.00574281,0.00650595,0.00767514,0.00614535,0.00668387,0.00814594,0.00721805,0.00916572,0.00639358,0.00627484,0.00975813,0.0100271,0.00853221,0.00686139,0.00969723,0.0141786,0.0192076,0.0219749,0.0231322,0.0274121,0.0210505,0.0241238,0.0247638,0.0213977,0.020916,0.0190145,0.0216013,0.0198889,0.0281567,0.0184478,0.00925012}"
44063,83878.403370807,28.622936752695,20.027824048417,-6.9877357536675,120.20911479954,"{0.0519554,0.0882661,0.132173,0.148502,0.101525,0.062135,0.0497341,0.0468421,0.057072,0.0801114,0.113198,0.132309,0.115423,0.0627986,0.0340539,0.0244456,0.017512,0.0183634,0.0237118,0.0340963,0.0458535,0.047032,0.0634169,0.0810767,0.10465,0.0651393,0.0324296,0.0241959,0.0179299,0.0151703,0.0141479,0.0134816,0.0164998,0.0204586,0.0227365,0.0254286,0.0290037,0.0346431,0.0394855,0.0486184,0.0518642,0.0518905,0.0639724,0.0608516,0.0443158,0.0352459,0.0222836,0.0133445,0.0131599,0.00943249,0.0091063,0.00910783,0.0117203,0.0100635,0.00967037,0.0100278,0.0131978,0.0141883,0.0138529,0.0158273,0.0201618,0.0205953,0.0175318,0.0158651,0.017817,0.018994,0.0246215,0.0400952,0.0505781,0.0523715,0.0513206,0.0448656,0.0372088,0.0293852,0.0238546,0.019531,0.0154027,0.0111276,0.00861242,0.00757449,0.00715409,0.00646619,0.00557858,0.00459944,0.00388914,0.00294727,0.00332511,0.00332408,0.00367811,0.00323099,0.00325023,0.00513993,0.00493275,0.00444122,0.00467889,0.007095,0.00791954,0.00799958,0.00793416,0.00778269,0.00769167,0.0066152,0.00767446,0.00520191,0.00609213,0.0084476,0.0100779,0.0114964,0.0133323,0.0152836,0.0174194,0.0157013,0.0133555,0.0137657,0.0179379,0.0215926,0.0177169,0.0109781,0.0098225,0.00836374,0.0098272,0.00904282,0.00986553,0.00995598,0.00963805,0.00785753,0.00660668,0.00590948,0.00663666,0.00702653,0.00722632,0.00681214,0.00640571,0.00645064,0.0061553,0.00540503,0.00582538,0.00424838,0.00409293,0.00322367,0.00277687,0.00327736,0.00214607,0.00297284,0.00412178,0.00290316,0.00356939,0.00832974,0.0040795,0.00417565,0.00465561,0.00421502,0.00302803,0.00212299,0.00214305,0.0006637773,0.00208837,0.00133713,0.00314934,0.00265203,0.00338188,0.00156117,0.00257361,0.00239038,0.00242467,0.00229871,0.00319448,0.00291007,0.00346082,0.00414688,0.00302869,0.00221348,0.00245311,0.00296931,0.00262661,0.00346,0.00358613,0.00221624,0.00736398,0.00331356,-0.00341889,0.0032334,0.0008788853,0.0034631,0.00296234,0.00310001,0.00428596,0.0035196,0.00459097,0.00315341,0.00390686,0.00493308,0.00417681,0.00318111,0.00242005,0.00421298,0.00296956,-0.00235603,0.00303615,0.00287713,0.001638,0.00283339,0.00308789,0.0035053,0.00293378,0.00355661,0.00372115,0.00140417,0.00202293,0.00115651,-0.0003954888,0.00380822,-3.989323e-05,0.00137558,0.00127838,0.00172966,0.00406956,0.00246048,0.00384612,0.0007120005,0.00270947,0.00507053,0.00415081,0.00744504,0.00606872,0.00534947,0.00686228,0.0082492,0.00834496,0.00961178,0.00865776,0.00320136,0.00750406,0.00741953,-0.00137006,0.00867269,0.00870726,0.0087267,0.0107218,0.00637365,0.0122223,0.0134308,0.0225723,0.0211492,0.0227572,0.0197507,0.0241222,0.022598,0.0239333,0.0219893,0.0145934,0.0199254,0.0238361,0.00469499,0.0229949,0.0173016}"
